{
  "relationships_following": [
    {
      "title": "",
      "media_list_data": [
        
      ],
      "string_list_data": [
        {
          "href": "https://www.instagram.com/pabloprz_",
          "value": "pabloprz_",
          "timestamp": 1675480727
        }
      ]
    },
    {
      "title": "",
      "media_list_data": [
        
      ],
      "string_list_data": [
        {
          "href": "https://www.instagram.com/j4son_le",
          "value": "j4son_le",
          "timestamp": 1675299468
        }
      ]
    },
    {
      "title": "",
      "media_list_data": [
        
      ],
      "string_list_data": [
        {
          "href": "https://www.instagram.com/diananguyens",
          "value": "diananguyens",
          "timestamp": 1675288727
        }
      ]
    },
    {
      "title": "",
      "media_list_data": [
        
      ],
      "string_list_data": [
        {
          "href": "https://www.instagram.com/t.ml___",
          "value": "t.ml___",
          "timestamp": 1674887270
        }
      ]
    },
    {
      "title": "",
      "media_list_data": [
        
      ],
      "string_list_data": [
        {
          "href": "https://www.instagram.com/caitlintrng",
          "value": "caitlintrng",
          "timestamp": 1674602426
        }
      ]
    },
    {
      "title": "",
      "media_list_data": [
        
      ],
      "string_list_data": [
        {
          "href": "https://www.instagram.com/aintandyanymore",
          "value": "aintandyanymore",
          "timestamp": 1673643165
        }
      ]
    },
    {
      "title": "",
      "media_list_data": [
        
      ],
      "string_list_data": [
        {
          "href": "https://www.instagram.com/josh.bald.win",
          "value": "josh.bald.win",
          "timestamp": 1672499132
        }
      ]
    },
    {
      "title": "",
      "media_list_data": [
        
      ],
      "string_list_data": [
        {
          "href": "https://www.instagram.com/sophianngyn",
          "value": "sophianngyn",
          "timestamp": 1672456387
        }
      ]
    },
    {
      "title": "",
      "media_list_data": [
        
      ],
      "string_list_data": [
        {
          "href": "https://www.instagram.com/capitaloftx_",
          "value": "capitaloftx_",
          "timestamp": 1672422588
        }
      ]
    },
    {
      "title": "",
      "media_list_data": [
        
      ],
      "string_list_data": [
        {
          "href": "https://www.instagram.com/_cheyennenguyen",
          "value": "_cheyennenguyen",
          "timestamp": 1672417207
        }
      ]
    },
    {
      "title": "",
      "media_list_data": [
        
      ],
      "string_list_data": [
        {
          "href": "https://www.instagram.com/radvxz",
          "value": "radvxz",
          "timestamp": 1671081736
        }
      ]
    },
    {
      "title": "",
      "media_list_data": [
        
      ],
      "string_list_data": [
        {
          "href": "https://www.instagram.com/keniswinning",
          "value": "keniswinning",
          "timestamp": 1670908049
        }
      ]
    },
    {
      "title": "",
      "media_list_data": [
        
      ],
      "string_list_data": [
        {
          "href": "https://www.instagram.com/ya4har",
          "value": "ya4har",
          "timestamp": 1670804029
        }
      ]
    },
    {
      "title": "",
      "media_list_data": [
        
      ],
      "string_list_data": [
        {
          "href": "https://www.instagram.com/giang012giang",
          "value": "giang012giang",
          "timestamp": 1669756752
        }
      ]
    },
    {
      "title": "",
      "media_list_data": [
        
      ],
      "string_list_data": [
        {
          "href": "https://www.instagram.com/_ryanpham",
          "value": "_ryanpham",
          "timestamp": 1669003673
        }
      ]
    },
    {
      "title": "",
      "media_list_data": [
        
      ],
      "string_list_data": [
        {
          "href": "https://www.instagram.com/josh.hayes02",
          "value": "josh.hayes02",
          "timestamp": 1668891687
        }
      ]
    },
    {
      "title": "",
      "media_list_data": [
        
      ],
      "string_list_data": [
        {
          "href": "https://www.instagram.com/loc_nguyen11",
          "value": "loc_nguyen11",
          "timestamp": 1668763718
        }
      ]
    },
    {
      "title": "",
      "media_list_data": [
        
      ],
      "string_list_data": [
        {
          "href": "https://www.instagram.com/valerianoojong",
          "value": "valerianoojong",
          "timestamp": 1667957509
        }
      ]
    },
    {
      "title": "",
      "media_list_data": [
        
      ],
      "string_list_data": [
        {
          "href": "https://www.instagram.com/uh_affirmations",
          "value": "uh_affirmations",
          "timestamp": 1666662548
        }
      ]
    },
    {
      "title": "",
      "media_list_data": [
        
      ],
      "string_list_data": [
        {
          "href": "https://www.instagram.com/bigdaddysensei_2133",
          "value": "bigdaddysensei_2133",
          "timestamp": 1665610879
        }
      ]
    },
    {
      "title": "",
      "media_list_data": [
        
      ],
      "string_list_data": [
        {
          "href": "https://www.instagram.com/nw0bu",
          "value": "nw0bu",
          "timestamp": 1665557722
        }
      ]
    },
    {
      "title": "",
      "media_list_data": [
        
      ],
      "string_list_data": [
        {
          "href": "https://www.instagram.com/thiennhoanggg",
          "value": "thiennhoanggg",
          "timestamp": 1664552370
        }
      ]
    },
    {
      "title": "",
      "media_list_data": [
        
      ],
      "string_list_data": [
        {
          "href": "https://www.instagram.com/chels.trann",
          "value": "chels.trann",
          "timestamp": 1664258153
        }
      ]
    },
    {
      "title": "",
      "media_list_data": [
        
      ],
      "string_list_data": [
        {
          "href": "https://www.instagram.com/jrazn",
          "value": "jrazn",
          "timestamp": 1664258142
        }
      ]
    },
    {
      "title": "",
      "media_list_data": [
        
      ],
      "string_list_data": [
        {
          "href": "https://www.instagram.com/kidc_ex",
          "value": "kidc_ex",
          "timestamp": 1663687295
        }
      ]
    },
    {
      "title": "",
      "media_list_data": [
        
      ],
      "string_list_data": [
        {
          "href": "https://www.instagram.com/ethanma04",
          "value": "ethanma04",
          "timestamp": 1663194385
        }
      ]
    },
    {
      "title": "",
      "media_list_data": [
        
      ],
      "string_list_data": [
        {
          "href": "https://www.instagram.com/ashle.y.nguyen",
          "value": "ashle.y.nguyen",
          "timestamp": 1663028924
        }
      ]
    },
    {
      "title": "",
      "media_list_data": [
        
      ],
      "string_list_data": [
        {
          "href": "https://www.instagram.com/andydrooo",
          "value": "andydrooo",
          "timestamp": 1662678882
        }
      ]
    },
    {
      "title": "",
      "media_list_data": [
        
      ],
      "string_list_data": [
        {
          "href": "https://www.instagram.com/irving_z__",
          "value": "irving_z__",
          "timestamp": 1662592593
        }
      ]
    },
    {
      "title": "",
      "media_list_data": [
        
      ],
      "string_list_data": [
        {
          "href": "https://www.instagram.com/katiestein05",
          "value": "katiestein05",
          "timestamp": 1662066110
        }
      ]
    },
    {
      "title": "",
      "media_list_data": [
        
      ],
      "string_list_data": [
        {
          "href": "https://www.instagram.com/jiimmmyhuynh",
          "value": "jiimmmyhuynh",
          "timestamp": 1661576359
        }
      ]
    },
    {
      "title": "",
      "media_list_data": [
        
      ],
      "string_list_data": [
        {
          "href": "https://www.instagram.com/leonw1n",
          "value": "leonw1n",
          "timestamp": 1661572772
        }
      ]
    },
    {
      "title": "",
      "media_list_data": [
        
      ],
      "string_list_data": [
        {
          "href": "https://www.instagram.com/davin.du0ng",
          "value": "davin.du0ng",
          "timestamp": 1661572703
        }
      ]
    },
    {
      "title": "",
      "media_list_data": [
        
      ],
      "string_list_data": [
        {
          "href": "https://www.instagram.com/uhfsa",
          "value": "uhfsa",
          "timestamp": 1661568620
        }
      ]
    },
    {
      "title": "",
      "media_list_data": [
        
      ],
      "string_list_data": [
        {
          "href": "https://www.instagram.com/chen.tongjian",
          "value": "chen.tongjian",
          "timestamp": 1661564328
        }
      ]
    },
    {
      "title": "",
      "media_list_data": [
        
      ],
      "string_list_data": [
        {
          "href": "https://www.instagram.com/jesicaluu",
          "value": "jesicaluu",
          "timestamp": 1661537898
        }
      ]
    },
    {
      "title": "",
      "media_list_data": [
        
      ],
      "string_list_data": [
        {
          "href": "https://www.instagram.com/kinlycandy",
          "value": "kinlycandy",
          "timestamp": 1661399815
        }
      ]
    },
    {
      "title": "",
      "media_list_data": [
        
      ],
      "string_list_data": [
        {
          "href": "https://www.instagram.com/is4as",
          "value": "is4as",
          "timestamp": 1661399686
        }
      ]
    },
    {
      "title": "",
      "media_list_data": [
        
      ],
      "string_list_data": [
        {
          "href": "https://www.instagram.com/cris021__",
          "value": "cris021__",
          "timestamp": 1661368344
        }
      ]
    },
    {
      "title": "",
      "media_list_data": [
        
      ],
      "string_list_data": [
        {
          "href": "https://www.instagram.com/shayaan_q",
          "value": "shayaan_q",
          "timestamp": 1661368196
        }
      ]
    },
    {
      "title": "",
      "media_list_data": [
        
      ],
      "string_list_data": [
        {
          "href": "https://www.instagram.com/cupidisa",
          "value": "cupidisa",
          "timestamp": 1661368144
        }
      ]
    },
    {
      "title": "",
      "media_list_data": [
        
      ],
      "string_list_data": [
        {
          "href": "https://www.instagram.com/conlinny",
          "value": "conlinny",
          "timestamp": 1661368143
        }
      ]
    },
    {
      "title": "",
      "media_list_data": [
        
      ],
      "string_list_data": [
        {
          "href": "https://www.instagram.com/ttinaa.tran",
          "value": "ttinaa.tran",
          "timestamp": 1661218483
        }
      ]
    },
    {
      "title": "",
      "media_list_data": [
        
      ],
      "string_list_data": [
        {
          "href": "https://www.instagram.com/houstonomegas",
          "value": "houstonomegas",
          "timestamp": 1661214690
        }
      ]
    },
    {
      "title": "",
      "media_list_data": [
        
      ],
      "string_list_data": [
        {
          "href": "https://www.instagram.com/kev.bevin",
          "value": "kev.bevin",
          "timestamp": 1661214372
        }
      ]
    },
    {
      "title": "",
      "media_list_data": [
        
      ],
      "string_list_data": [
        {
          "href": "https://www.instagram.com/goku_d15",
          "value": "goku_d15",
          "timestamp": 1661139478
        }
      ]
    },
    {
      "title": "",
      "media_list_data": [
        
      ],
      "string_list_data": [
        {
          "href": "https://www.instagram.com/htxseth",
          "value": "htxseth",
          "timestamp": 1661119009
        }
      ]
    },
    {
      "title": "",
      "media_list_data": [
        
      ],
      "string_list_data": [
        {
          "href": "https://www.instagram.com/tommy.youngg",
          "value": "tommy.youngg",
          "timestamp": 1661118940
        }
      ]
    },
    {
      "title": "",
      "media_list_data": [
        
      ],
      "string_list_data": [
        {
          "href": "https://www.instagram.com/andy.duo",
          "value": "andy.duo",
          "timestamp": 1660956608
        }
      ]
    },
    {
      "title": "",
      "media_list_data": [
        
      ],
      "string_list_data": [
        {
          "href": "https://www.instagram.com/v3nished",
          "value": "v3nished",
          "timestamp": 1660938294
        }
      ]
    },
    {
      "title": "",
      "media_list_data": [
        
      ],
      "string_list_data": [
        {
          "href": "https://www.instagram.com/uh_cougarcs",
          "value": "uh_cougarcs",
          "timestamp": 1660861687
        }
      ]
    },
    {
      "title": "",
      "media_list_data": [
        
      ],
      "string_list_data": [
        {
          "href": "https://www.instagram.com/mctien04",
          "value": "mctien04",
          "timestamp": 1660711028
        }
      ]
    },
    {
      "title": "",
      "media_list_data": [
        
      ],
      "string_list_data": [
        {
          "href": "https://www.instagram.com/aysiahmonique",
          "value": "aysiahmonique",
          "timestamp": 1660254072
        }
      ]
    },
    {
      "title": "",
      "media_list_data": [
        
      ],
      "string_list_data": [
        {
          "href": "https://www.instagram.com/myxpaige",
          "value": "myxpaige",
          "timestamp": 1660005859
        }
      ]
    },
    {
      "title": "",
      "media_list_data": [
        
      ],
      "string_list_data": [
        {
          "href": "https://www.instagram.com/crz.jaime",
          "value": "crz.jaime",
          "timestamp": 1659986729
        }
      ]
    },
    {
      "title": "",
      "media_list_data": [
        
      ],
      "string_list_data": [
        {
          "href": "https://www.instagram.com/leah._ingram",
          "value": "leah._ingram",
          "timestamp": 1659986675
        }
      ]
    },
    {
      "title": "",
      "media_list_data": [
        
      ],
      "string_list_data": [
        {
          "href": "https://www.instagram.com/marcotejada_",
          "value": "marcotejada_",
          "timestamp": 1659985822
        }
      ]
    },
    {
      "title": "",
      "media_list_data": [
        
      ],
      "string_list_data": [
        {
          "href": "https://www.instagram.com/_bonifer",
          "value": "_bonifer",
          "timestamp": 1659901407
        }
      ]
    },
    {
      "title": "",
      "media_list_data": [
        
      ],
      "string_list_data": [
        {
          "href": "https://www.instagram.com/theneerajsuresh",
          "value": "theneerajsuresh",
          "timestamp": 1659840575
        }
      ]
    },
    {
      "title": "",
      "media_list_data": [
        
      ],
      "string_list_data": [
        {
          "href": "https://www.instagram.com/db0uu",
          "value": "db0uu",
          "timestamp": 1659839425
        }
      ]
    },
    {
      "title": "",
      "media_list_data": [
        
      ],
      "string_list_data": [
        {
          "href": "https://www.instagram.com/azaaniah",
          "value": "azaaniah",
          "timestamp": 1659740595
        }
      ]
    },
    {
      "title": "",
      "media_list_data": [
        
      ],
      "string_list_data": [
        {
          "href": "https://www.instagram.com/itztymiller",
          "value": "itztymiller",
          "timestamp": 1659738949
        }
      ]
    },
    {
      "title": "",
      "media_list_data": [
        
      ],
      "string_list_data": [
        {
          "href": "https://www.instagram.com/tonyisnguyen",
          "value": "tonyisnguyen",
          "timestamp": 1659569105
        }
      ]
    },
    {
      "title": "",
      "media_list_data": [
        
      ],
      "string_list_data": [
        {
          "href": "https://www.instagram.com/haleyromine",
          "value": "haleyromine",
          "timestamp": 1659557432
        }
      ]
    },
    {
      "title": "",
      "media_list_data": [
        
      ],
      "string_list_data": [
        {
          "href": "https://www.instagram.com/saptarshide04",
          "value": "saptarshide04",
          "timestamp": 1659551934
        }
      ]
    },
    {
      "title": "",
      "media_list_data": [
        
      ],
      "string_list_data": [
        {
          "href": "https://www.instagram.com/sanrio_baddie",
          "value": "sanrio_baddie",
          "timestamp": 1659543684
        }
      ]
    },
    {
      "title": "",
      "media_list_data": [
        
      ],
      "string_list_data": [
        {
          "href": "https://www.instagram.com/asleyawng",
          "value": "asleyawng",
          "timestamp": 1659413331
        }
      ]
    },
    {
      "title": "",
      "media_list_data": [
        
      ],
      "string_list_data": [
        {
          "href": "https://www.instagram.com/txmed_tronix",
          "value": "txmed_tronix",
          "timestamp": 1659378104
        }
      ]
    },
    {
      "title": "",
      "media_list_data": [
        
      ],
      "string_list_data": [
        {
          "href": "https://www.instagram.com/vincent.thang",
          "value": "vincent.thang",
          "timestamp": 1659372188
        }
      ]
    },
    {
      "title": "",
      "media_list_data": [
        
      ],
      "string_list_data": [
        {
          "href": "https://www.instagram.com/nathan._.pham",
          "value": "nathan._.pham",
          "timestamp": 1659322961
        }
      ]
    },
    {
      "title": "",
      "media_list_data": [
        
      ],
      "string_list_data": [
        {
          "href": "https://www.instagram.com/nao.koune",
          "value": "nao.koune",
          "timestamp": 1659311957
        }
      ]
    },
    {
      "title": "",
      "media_list_data": [
        
      ],
      "string_list_data": [
        {
          "href": "https://www.instagram.com/tyler.rvrs",
          "value": "tyler.rvrs",
          "timestamp": 1659236970
        }
      ]
    },
    {
      "title": "",
      "media_list_data": [
        
      ],
      "string_list_data": [
        {
          "href": "https://www.instagram.com/theresa.doo",
          "value": "theresa.doo",
          "timestamp": 1659233830
        }
      ]
    },
    {
      "title": "",
      "media_list_data": [
        
      ],
      "string_list_data": [
        {
          "href": "https://www.instagram.com/miabella.guzman",
          "value": "miabella.guzman",
          "timestamp": 1659131740
        }
      ]
    },
    {
      "title": "",
      "media_list_data": [
        
      ],
      "string_list_data": [
        {
          "href": "https://www.instagram.com/kevinhoang_g",
          "value": "kevinhoang_g",
          "timestamp": 1659074881
        }
      ]
    },
    {
      "title": "",
      "media_list_data": [
        
      ],
      "string_list_data": [
        {
          "href": "https://www.instagram.com/houstongammabeta",
          "value": "houstongammabeta",
          "timestamp": 1659058603
        }
      ]
    },
    {
      "title": "",
      "media_list_data": [
        
      ],
      "string_list_data": [
        {
          "href": "https://www.instagram.com/viana._.h",
          "value": "viana._.h",
          "timestamp": 1659058406
        }
      ]
    },
    {
      "title": "",
      "media_list_data": [
        
      ],
      "string_list_data": [
        {
          "href": "https://www.instagram.com/vickii_san",
          "value": "vickii_san",
          "timestamp": 1659058186
        }
      ]
    },
    {
      "title": "",
      "media_list_data": [
        
      ],
      "string_list_data": [
        {
          "href": "https://www.instagram.com/xzadus",
          "value": "xzadus",
          "timestamp": 1659054653
        }
      ]
    },
    {
      "title": "",
      "media_list_data": [
        
      ],
      "string_list_data": [
        {
          "href": "https://www.instagram.com/thelancedao",
          "value": "thelancedao",
          "timestamp": 1659054318
        }
      ]
    },
    {
      "title": "",
      "media_list_data": [
        
      ],
      "string_list_data": [
        {
          "href": "https://www.instagram.com/marcusdln",
          "value": "marcusdln",
          "timestamp": 1659043970
        }
      ]
    },
    {
      "title": "",
      "media_list_data": [
        
      ],
      "string_list_data": [
        {
          "href": "https://www.instagram.com/dylanwiinn",
          "value": "dylanwiinn",
          "timestamp": 1659041675
        }
      ]
    },
    {
      "title": "",
      "media_list_data": [
        
      ],
      "string_list_data": [
        {
          "href": "https://www.instagram.com/lxnhy",
          "value": "lxnhy",
          "timestamp": 1659041463
        }
      ]
    },
    {
      "title": "",
      "media_list_data": [
        
      ],
      "string_list_data": [
        {
          "href": "https://www.instagram.com/marcelovidaljr",
          "value": "marcelovidaljr",
          "timestamp": 1657679648
        }
      ]
    },
    {
      "title": "",
      "media_list_data": [
        
      ],
      "string_list_data": [
        {
          "href": "https://www.instagram.com/uh_vsa",
          "value": "uh_vsa",
          "timestamp": 1657547255
        }
      ]
    },
    {
      "title": "",
      "media_list_data": [
        
      ],
      "string_list_data": [
        {
          "href": "https://www.instagram.com/htx_junior13",
          "value": "htx_junior13",
          "timestamp": 1657430193
        }
      ]
    },
    {
      "title": "",
      "media_list_data": [
        
      ],
      "string_list_data": [
        {
          "href": "https://www.instagram.com/bbui03",
          "value": "bbui03",
          "timestamp": 1656760218
        }
      ]
    },
    {
      "title": "",
      "media_list_data": [
        
      ],
      "string_list_data": [
        {
          "href": "https://www.instagram.com/f.aerie_",
          "value": "f.aerie_",
          "timestamp": 1655935286
        }
      ]
    },
    {
      "title": "",
      "media_list_data": [
        
      ],
      "string_list_data": [
        {
          "href": "https://www.instagram.com/_.mikekay._",
          "value": "_.mikekay._",
          "timestamp": 1654796907
        }
      ]
    },
    {
      "title": "",
      "media_list_data": [
        
      ],
      "string_list_data": [
        {
          "href": "https://www.instagram.com/le.richard1264",
          "value": "le.richard1264",
          "timestamp": 1654796883
        }
      ]
    },
    {
      "title": "",
      "media_list_data": [
        
      ],
      "string_list_data": [
        {
          "href": "https://www.instagram.com/uhnsm",
          "value": "uhnsm",
          "timestamp": 1654315975
        }
      ]
    },
    {
      "title": "",
      "media_list_data": [
        
      ],
      "string_list_data": [
        {
          "href": "https://www.instagram.com/kelliiieee",
          "value": "kelliiieee",
          "timestamp": 1654234885
        }
      ]
    },
    {
      "title": "",
      "media_list_data": [
        
      ],
      "string_list_data": [
        {
          "href": "https://www.instagram.com/nitikavelu",
          "value": "nitikavelu",
          "timestamp": 1654203928
        }
      ]
    },
    {
      "title": "",
      "media_list_data": [
        
      ],
      "string_list_data": [
        {
          "href": "https://www.instagram.com/kovefe",
          "value": "kovefe",
          "timestamp": 1654138615
        }
      ]
    },
    {
      "title": "",
      "media_list_data": [
        
      ],
      "string_list_data": [
        {
          "href": "https://www.instagram.com/derianmantia",
          "value": "derianmantia",
          "timestamp": 1654138614
        }
      ]
    },
    {
      "title": "",
      "media_list_data": [
        
      ],
      "string_list_data": [
        {
          "href": "https://www.instagram.com/connorlile",
          "value": "connorlile",
          "timestamp": 1654055086
        }
      ]
    },
    {
      "title": "",
      "media_list_data": [
        
      ],
      "string_list_data": [
        {
          "href": "https://www.instagram.com/crimsionazn",
          "value": "crimsionazn",
          "timestamp": 1654013412
        }
      ]
    },
    {
      "title": "",
      "media_list_data": [
        
      ],
      "string_list_data": [
        {
          "href": "https://www.instagram.com/clayton.peng",
          "value": "clayton.peng",
          "timestamp": 1653930131
        }
      ]
    },
    {
      "title": "",
      "media_list_data": [
        
      ],
      "string_list_data": [
        {
          "href": "https://www.instagram.com/chickenoodlesoup01111",
          "value": "chickenoodlesoup01111",
          "timestamp": 1653760888
        }
      ]
    },
    {
      "title": "",
      "media_list_data": [
        
      ],
      "string_list_data": [
        {
          "href": "https://www.instagram.com/caraungg",
          "value": "caraungg",
          "timestamp": 1653716207
        }
      ]
    },
    {
      "title": "",
      "media_list_data": [
        
      ],
      "string_list_data": [
        {
          "href": "https://www.instagram.com/pablo.1210",
          "value": "pablo.1210",
          "timestamp": 1653711859
        }
      ]
    },
    {
      "title": "",
      "media_list_data": [
        
      ],
      "string_list_data": [
        {
          "href": "https://www.instagram.com/htx_ttp.g",
          "value": "htx_ttp.g",
          "timestamp": 1653711393
        }
      ]
    },
    {
      "title": "",
      "media_list_data": [
        
      ],
      "string_list_data": [
        {
          "href": "https://www.instagram.com/brandon_postma4",
          "value": "brandon_postma4",
          "timestamp": 1653708899
        }
      ]
    },
    {
      "title": "",
      "media_list_data": [
        
      ],
      "string_list_data": [
        {
          "href": "https://www.instagram.com/jacobe._.boche",
          "value": "jacobe._.boche",
          "timestamp": 1653676411
        }
      ]
    },
    {
      "title": "",
      "media_list_data": [
        
      ],
      "string_list_data": [
        {
          "href": "https://www.instagram.com/parkerdboles",
          "value": "parkerdboles",
          "timestamp": 1653672526
        }
      ]
    },
    {
      "title": "",
      "media_list_data": [
        
      ],
      "string_list_data": [
        {
          "href": "https://www.instagram.com/derick.slikk",
          "value": "derick.slikk",
          "timestamp": 1653668965
        }
      ]
    },
    {
      "title": "",
      "media_list_data": [
        
      ],
      "string_list_data": [
        {
          "href": "https://www.instagram.com/mickey.heinz",
          "value": "mickey.heinz",
          "timestamp": 1653668800
        }
      ]
    },
    {
      "title": "",
      "media_list_data": [
        
      ],
      "string_list_data": [
        {
          "href": "https://www.instagram.com/kaveesha_soysa",
          "value": "kaveesha_soysa",
          "timestamp": 1653629649
        }
      ]
    },
    {
      "title": "",
      "media_list_data": [
        
      ],
      "string_list_data": [
        {
          "href": "https://www.instagram.com/bevxrlyy",
          "value": "bevxrlyy",
          "timestamp": 1653624612
        }
      ]
    },
    {
      "title": "",
      "media_list_data": [
        
      ],
      "string_list_data": [
        {
          "href": "https://www.instagram.com/kamigrayy",
          "value": "kamigrayy",
          "timestamp": 1653598624
        }
      ]
    },
    {
      "title": "",
      "media_list_data": [
        
      ],
      "string_list_data": [
        {
          "href": "https://www.instagram.com/marcus_izzy14",
          "value": "marcus_izzy14",
          "timestamp": 1653598561
        }
      ]
    },
    {
      "title": "",
      "media_list_data": [
        
      ],
      "string_list_data": [
        {
          "href": "https://www.instagram.com/natmtz.a",
          "value": "natmtz.a",
          "timestamp": 1653593871
        }
      ]
    },
    {
      "title": "",
      "media_list_data": [
        
      ],
      "string_list_data": [
        {
          "href": "https://www.instagram.com/nancyymttz",
          "value": "nancyymttz",
          "timestamp": 1653593033
        }
      ]
    },
    {
      "title": "",
      "media_list_data": [
        
      ],
      "string_list_data": [
        {
          "href": "https://www.instagram.com/kashf.karovalia",
          "value": "kashf.karovalia",
          "timestamp": 1653592694
        }
      ]
    },
    {
      "title": "",
      "media_list_data": [
        
      ],
      "string_list_data": [
        {
          "href": "https://www.instagram.com/jordann.r_",
          "value": "jordann.r_",
          "timestamp": 1653588329
        }
      ]
    },
    {
      "title": "",
      "media_list_data": [
        
      ],
      "string_list_data": [
        {
          "href": "https://www.instagram.com/nelson__chou",
          "value": "nelson__chou",
          "timestamp": 1653586443
        }
      ]
    },
    {
      "title": "",
      "media_list_data": [
        
      ],
      "string_list_data": [
        {
          "href": "https://www.instagram.com/ty.inman",
          "value": "ty.inman",
          "timestamp": 1653584627
        }
      ]
    },
    {
      "title": "",
      "media_list_data": [
        
      ],
      "string_list_data": [
        {
          "href": "https://www.instagram.com/harryplte30",
          "value": "harryplte30",
          "timestamp": 1653582215
        }
      ]
    },
    {
      "title": "",
      "media_list_data": [
        
      ],
      "string_list_data": [
        {
          "href": "https://www.instagram.com/steph.padilla18",
          "value": "steph.padilla18",
          "timestamp": 1653581872
        }
      ]
    },
    {
      "title": "",
      "media_list_data": [
        
      ],
      "string_list_data": [
        {
          "href": "https://www.instagram.com/davidmrobertsonjr",
          "value": "davidmrobertsonjr",
          "timestamp": 1653581783
        }
      ]
    },
    {
      "title": "",
      "media_list_data": [
        
      ],
      "string_list_data": [
        {
          "href": "https://www.instagram.com/arirali_04",
          "value": "arirali_04",
          "timestamp": 1653581502
        }
      ]
    },
    {
      "title": "",
      "media_list_data": [
        
      ],
      "string_list_data": [
        {
          "href": "https://www.instagram.com/a1varo177",
          "value": "a1varo177",
          "timestamp": 1653581461
        }
      ]
    },
    {
      "title": "",
      "media_list_data": [
        
      ],
      "string_list_data": [
        {
          "href": "https://www.instagram.com/leroy_ojo",
          "value": "leroy_ojo",
          "timestamp": 1653581412
        }
      ]
    },
    {
      "title": "",
      "media_list_data": [
        
      ],
      "string_list_data": [
        {
          "href": "https://www.instagram.com/joshua.chandler22",
          "value": "joshua.chandler22",
          "timestamp": 1653239272
        }
      ]
    },
    {
      "title": "",
      "media_list_data": [
        
      ],
      "string_list_data": [
        {
          "href": "https://www.instagram.com/simin.salim_",
          "value": "simin.salim_",
          "timestamp": 1653055887
        }
      ]
    },
    {
      "title": "",
      "media_list_data": [
        
      ],
      "string_list_data": [
        {
          "href": "https://www.instagram.com/j_money_rodriguez",
          "value": "j_money_rodriguez",
          "timestamp": 1653008668
        }
      ]
    },
    {
      "title": "",
      "media_list_data": [
        
      ],
      "string_list_data": [
        {
          "href": "https://www.instagram.com/htxamya",
          "value": "htxamya",
          "timestamp": 1652897421
        }
      ]
    },
    {
      "title": "",
      "media_list_data": [
        
      ],
      "string_list_data": [
        {
          "href": "https://www.instagram.com/jason_ktran",
          "value": "jason_ktran",
          "timestamp": 1652753408
        }
      ]
    },
    {
      "title": "",
      "media_list_data": [
        
      ],
      "string_list_data": [
        {
          "href": "https://www.instagram.com/andyyhuynhh",
          "value": "andyyhuynhh",
          "timestamp": 1652741936
        }
      ]
    },
    {
      "title": "",
      "media_list_data": [
        
      ],
      "string_list_data": [
        {
          "href": "https://www.instagram.com/kajcote",
          "value": "kajcote",
          "timestamp": 1652706957
        }
      ]
    },
    {
      "title": "",
      "media_list_data": [
        
      ],
      "string_list_data": [
        {
          "href": "https://www.instagram.com/aangelaochoa",
          "value": "aangelaochoa",
          "timestamp": 1652673729
        }
      ]
    },
    {
      "title": "",
      "media_list_data": [
        
      ],
      "string_list_data": [
        {
          "href": "https://www.instagram.com/karner.david",
          "value": "karner.david",
          "timestamp": 1652653147
        }
      ]
    },
    {
      "title": "",
      "media_list_data": [
        
      ],
      "string_list_data": [
        {
          "href": "https://www.instagram.com/brookedaileyy",
          "value": "brookedaileyy",
          "timestamp": 1652563542
        }
      ]
    },
    {
      "title": "",
      "media_list_data": [
        
      ],
      "string_list_data": [
        {
          "href": "https://www.instagram.com/trapmoneycarloss",
          "value": "trapmoneycarloss",
          "timestamp": 1652557809
        }
      ]
    },
    {
      "title": "",
      "media_list_data": [
        
      ],
      "string_list_data": [
        {
          "href": "https://www.instagram.com/cciliangyn",
          "value": "cciliangyn",
          "timestamp": 1652485852
        }
      ]
    },
    {
      "title": "",
      "media_list_data": [
        
      ],
      "string_list_data": [
        {
          "href": "https://www.instagram.com/430.zee",
          "value": "430.zee",
          "timestamp": 1651955962
        }
      ]
    },
    {
      "title": "",
      "media_list_data": [
        
      ],
      "string_list_data": [
        {
          "href": "https://www.instagram.com/kenny_b04",
          "value": "kenny_b04",
          "timestamp": 1651795824
        }
      ]
    },
    {
      "title": "",
      "media_list_data": [
        
      ],
      "string_list_data": [
        {
          "href": "https://www.instagram.com/yazzyjazzydoo",
          "value": "yazzyjazzydoo",
          "timestamp": 1650916638
        }
      ]
    },
    {
      "title": "",
      "media_list_data": [
        
      ],
      "string_list_data": [
        {
          "href": "https://www.instagram.com/jean1leroy",
          "value": "jean1leroy",
          "timestamp": 1650743583
        }
      ]
    },
    {
      "title": "",
      "media_list_data": [
        
      ],
      "string_list_data": [
        {
          "href": "https://www.instagram.com/aayansbokhari",
          "value": "aayansbokhari",
          "timestamp": 1650421347
        }
      ]
    },
    {
      "title": "",
      "media_list_data": [
        
      ],
      "string_list_data": [
        {
          "href": "https://www.instagram.com/conficu",
          "value": "conficu",
          "timestamp": 1649765687
        }
      ]
    },
    {
      "title": "",
      "media_list_data": [
        
      ],
      "string_list_data": [
        {
          "href": "https://www.instagram.com/im_khanhtr",
          "value": "im_khanhtr",
          "timestamp": 1649721788
        }
      ]
    },
    {
      "title": "",
      "media_list_data": [
        
      ],
      "string_list_data": [
        {
          "href": "https://www.instagram.com/imkev0_",
          "value": "imkev0_",
          "timestamp": 1649721772
        }
      ]
    },
    {
      "title": "",
      "media_list_data": [
        
      ],
      "string_list_data": [
        {
          "href": "https://www.instagram.com/fishymiz",
          "value": "fishymiz",
          "timestamp": 1649706973
        }
      ]
    },
    {
      "title": "",
      "media_list_data": [
        
      ],
      "string_list_data": [
        {
          "href": "https://www.instagram.com/andy_armhgffyh",
          "value": "andy_armhgffyh",
          "timestamp": 1649685652
        }
      ]
    },
    {
      "title": "",
      "media_list_data": [
        
      ],
      "string_list_data": [
        {
          "href": "https://www.instagram.com/dean.vo",
          "value": "dean.vo",
          "timestamp": 1649650724
        }
      ]
    },
    {
      "title": "",
      "media_list_data": [
        
      ],
      "string_list_data": [
        {
          "href": "https://www.instagram.com/waltershada",
          "value": "waltershada",
          "timestamp": 1649650148
        }
      ]
    },
    {
      "title": "",
      "media_list_data": [
        
      ],
      "string_list_data": [
        {
          "href": "https://www.instagram.com/tylerrdoann",
          "value": "tylerrdoann",
          "timestamp": 1649557264
        }
      ]
    },
    {
      "title": "",
      "media_list_data": [
        
      ],
      "string_list_data": [
        {
          "href": "https://www.instagram.com/jledea3",
          "value": "jledea3",
          "timestamp": 1649534428
        }
      ]
    },
    {
      "title": "",
      "media_list_data": [
        
      ],
      "string_list_data": [
        {
          "href": "https://www.instagram.com/mikaelacelicious",
          "value": "mikaelacelicious",
          "timestamp": 1649534418
        }
      ]
    },
    {
      "title": "",
      "media_list_data": [
        
      ],
      "string_list_data": [
        {
          "href": "https://www.instagram.com/shinygmo",
          "value": "shinygmo",
          "timestamp": 1649534167
        }
      ]
    },
    {
      "title": "",
      "media_list_data": [
        
      ],
      "string_list_data": [
        {
          "href": "https://www.instagram.com/_ggeov",
          "value": "_ggeov",
          "timestamp": 1648570245
        }
      ]
    },
    {
      "title": "",
      "media_list_data": [
        
      ],
      "string_list_data": [
        {
          "href": "https://www.instagram.com/jessaqtt",
          "value": "jessaqtt",
          "timestamp": 1647575224
        }
      ]
    },
    {
      "title": "",
      "media_list_data": [
        
      ],
      "string_list_data": [
        {
          "href": "https://www.instagram.com/daph13_",
          "value": "daph13_",
          "timestamp": 1647553899
        }
      ]
    },
    {
      "title": "",
      "media_list_data": [
        
      ],
      "string_list_data": [
        {
          "href": "https://www.instagram.com/abdulatiq4042",
          "value": "abdulatiq4042",
          "timestamp": 1647131129
        }
      ]
    },
    {
      "title": "",
      "media_list_data": [
        
      ],
      "string_list_data": [
        {
          "href": "https://www.instagram.com/camilaa.coboss",
          "value": "camilaa.coboss",
          "timestamp": 1646860721
        }
      ]
    },
    {
      "title": "",
      "media_list_data": [
        
      ],
      "string_list_data": [
        {
          "href": "https://www.instagram.com/andrewho994",
          "value": "andrewho994",
          "timestamp": 1646828811
        }
      ]
    },
    {
      "title": "",
      "media_list_data": [
        
      ],
      "string_list_data": [
        {
          "href": "https://www.instagram.com/dat1kidjosefe",
          "value": "dat1kidjosefe",
          "timestamp": 1646787405
        }
      ]
    },
    {
      "title": "",
      "media_list_data": [
        
      ],
      "string_list_data": [
        {
          "href": "https://www.instagram.com/carlito.toro",
          "value": "carlito.toro",
          "timestamp": 1646787394
        }
      ]
    },
    {
      "title": "",
      "media_list_data": [
        
      ],
      "string_list_data": [
        {
          "href": "https://www.instagram.com/kenziengyn",
          "value": "kenziengyn",
          "timestamp": 1646785416
        }
      ]
    },
    {
      "title": "",
      "media_list_data": [
        
      ],
      "string_list_data": [
        {
          "href": "https://www.instagram.com/charlie__cole_",
          "value": "charlie__cole_",
          "timestamp": 1646777332
        }
      ]
    },
    {
      "title": "",
      "media_list_data": [
        
      ],
      "string_list_data": [
        {
          "href": "https://www.instagram.com/hoodiechino_",
          "value": "hoodiechino_",
          "timestamp": 1646777292
        }
      ]
    },
    {
      "title": "",
      "media_list_data": [
        
      ],
      "string_list_data": [
        {
          "href": "https://www.instagram.com/lucasanzziani",
          "value": "lucasanzziani",
          "timestamp": 1646711558
        }
      ]
    },
    {
      "title": "",
      "media_list_data": [
        
      ],
      "string_list_data": [
        {
          "href": "https://www.instagram.com/808.pablo1",
          "value": "808.pablo1",
          "timestamp": 1646609248
        }
      ]
    },
    {
      "title": "",
      "media_list_data": [
        
      ],
      "string_list_data": [
        {
          "href": "https://www.instagram.com/wgarrettcook.e",
          "value": "wgarrettcook.e",
          "timestamp": 1646579387
        }
      ]
    },
    {
      "title": "",
      "media_list_data": [
        
      ],
      "string_list_data": [
        {
          "href": "https://www.instagram.com/huyloading",
          "value": "huyloading",
          "timestamp": 1646577786
        }
      ]
    },
    {
      "title": "",
      "media_list_data": [
        
      ],
      "string_list_data": [
        {
          "href": "https://www.instagram.com/imkevintran",
          "value": "imkevintran",
          "timestamp": 1646576231
        }
      ]
    },
    {
      "title": "",
      "media_list_data": [
        
      ],
      "string_list_data": [
        {
          "href": "https://www.instagram.com/chipl3y",
          "value": "chipl3y",
          "timestamp": 1646539896
        }
      ]
    },
    {
      "title": "",
      "media_list_data": [
        
      ],
      "string_list_data": [
        {
          "href": "https://www.instagram.com/supersleepy69",
          "value": "supersleepy69",
          "timestamp": 1646528949
        }
      ]
    },
    {
      "title": "",
      "media_list_data": [
        
      ],
      "string_list_data": [
        {
          "href": "https://www.instagram.com/jacob.tresin",
          "value": "jacob.tresin",
          "timestamp": 1646515356
        }
      ]
    },
    {
      "title": "",
      "media_list_data": [
        
      ],
      "string_list_data": [
        {
          "href": "https://www.instagram.com/alexljefferson",
          "value": "alexljefferson",
          "timestamp": 1646515337
        }
      ]
    },
    {
      "title": "",
      "media_list_data": [
        
      ],
      "string_list_data": [
        {
          "href": "https://www.instagram.com/universityofhouston",
          "value": "universityofhouston",
          "timestamp": 1646326870
        }
      ]
    },
    {
      "title": "",
      "media_list_data": [
        
      ],
      "string_list_data": [
        {
          "href": "https://www.instagram.com/vincent__garza",
          "value": "vincent__garza",
          "timestamp": 1646325602
        }
      ]
    },
    {
      "title": "",
      "media_list_data": [
        
      ],
      "string_list_data": [
        {
          "href": "https://www.instagram.com/behnyy",
          "value": "behnyy",
          "timestamp": 1646281379
        }
      ]
    },
    {
      "title": "",
      "media_list_data": [
        
      ],
      "string_list_data": [
        {
          "href": "https://www.instagram.com/kad3n_lee",
          "value": "kad3n_lee",
          "timestamp": 1646276678
        }
      ]
    },
    {
      "title": "",
      "media_list_data": [
        
      ],
      "string_list_data": [
        {
          "href": "https://www.instagram.com/patricknguynn",
          "value": "patricknguynn",
          "timestamp": 1646276064
        }
      ]
    },
    {
      "title": "",
      "media_list_data": [
        
      ],
      "string_list_data": [
        {
          "href": "https://www.instagram.com/yazminneroman",
          "value": "yazminneroman",
          "timestamp": 1646274508
        }
      ]
    },
    {
      "title": "",
      "media_list_data": [
        
      ],
      "string_list_data": [
        {
          "href": "https://www.instagram.com/brfootball",
          "value": "brfootball",
          "timestamp": 1646272741
        }
      ]
    },
    {
      "title": "",
      "media_list_data": [
        
      ],
      "string_list_data": [
        {
          "href": "https://www.instagram.com/airman499",
          "value": "airman499",
          "timestamp": 1646265383
        }
      ]
    },
    {
      "title": "",
      "media_list_data": [
        
      ],
      "string_list_data": [
        {
          "href": "https://www.instagram.com/danylagunes",
          "value": "danylagunes",
          "timestamp": 1646264498
        }
      ]
    },
    {
      "title": "",
      "media_list_data": [
        
      ],
      "string_list_data": [
        {
          "href": "https://www.instagram.com/adam_guerrero7",
          "value": "adam_guerrero7",
          "timestamp": 1646262776
        }
      ]
    },
    {
      "title": "",
      "media_list_data": [
        
      ],
      "string_list_data": [
        {
          "href": "https://www.instagram.com/xo.lui__",
          "value": "xo.lui__",
          "timestamp": 1646260927
        }
      ]
    },
    {
      "title": "",
      "media_list_data": [
        
      ],
      "string_list_data": [
        {
          "href": "https://www.instagram.com/theactivistfoo",
          "value": "theactivistfoo",
          "timestamp": 1646259156
        }
      ]
    },
    {
      "title": "",
      "media_list_data": [
        
      ],
      "string_list_data": [
        {
          "href": "https://www.instagram.com/perez_410",
          "value": "perez_410",
          "timestamp": 1646259140
        }
      ]
    }
  ]
}