{
  "relationships_followers": [
    {
      "title": "",
      "media_list_data": [
        
      ],
      "string_list_data": [
        {
          "href": "https://www.instagram.com/pabloprz_",
          "value": "pabloprz_",
          "timestamp": 1675480320
        }
      ]
    },
    {
      "title": "",
      "media_list_data": [
        
      ],
      "string_list_data": [
        {
          "href": "https://www.instagram.com/j4son_le",
          "value": "j4son_le",
          "timestamp": 1675301531
        }
      ]
    },
    {
      "title": "",
      "media_list_data": [
        
      ],
      "string_list_data": [
        {
          "href": "https://www.instagram.com/diananguyens",
          "value": "diananguyens",
          "timestamp": 1675288723
        }
      ]
    },
    {
      "title": "",
      "media_list_data": [
        
      ],
      "string_list_data": [
        {
          "href": "https://www.instagram.com/t.ml___",
          "value": "t.ml___",
          "timestamp": 1674887252
        }
      ]
    },
    {
      "title": "",
      "media_list_data": [
        
      ],
      "string_list_data": [
        {
          "href": "https://www.instagram.com/caitlintrng",
          "value": "caitlintrng",
          "timestamp": 1674602424
        }
      ]
    },
    {
      "title": "",
      "media_list_data": [
        
      ],
      "string_list_data": [
        {
          "href": "https://www.instagram.com/aintandyanymore",
          "value": "aintandyanymore",
          "timestamp": 1673643189
        }
      ]
    },
    {
      "title": "",
      "media_list_data": [
        
      ],
      "string_list_data": [
        {
          "href": "https://www.instagram.com/josh.bald.win",
          "value": "josh.bald.win",
          "timestamp": 1672499134
        }
      ]
    },
    {
      "title": "",
      "media_list_data": [
        
      ],
      "string_list_data": [
        {
          "href": "https://www.instagram.com/sophianngyn",
          "value": "sophianngyn",
          "timestamp": 1672456908
        }
      ]
    },
    {
      "title": "",
      "media_list_data": [
        
      ],
      "string_list_data": [
        {
          "href": "https://www.instagram.com/capitaloftx_",
          "value": "capitaloftx_",
          "timestamp": 1672422591
        }
      ]
    },
    {
      "title": "",
      "media_list_data": [
        
      ],
      "string_list_data": [
        {
          "href": "https://www.instagram.com/keniswinning",
          "value": "keniswinning",
          "timestamp": 1670909990
        }
      ]
    },
    {
      "title": "",
      "media_list_data": [
        
      ],
      "string_list_data": [
        {
          "href": "https://www.instagram.com/ya4har",
          "value": "ya4har",
          "timestamp": 1670804027
        }
      ]
    },
    {
      "title": "",
      "media_list_data": [
        
      ],
      "string_list_data": [
        {
          "href": "https://www.instagram.com/giang012giang",
          "value": "giang012giang",
          "timestamp": 1669752152
        }
      ]
    },
    {
      "title": "",
      "media_list_data": [
        
      ],
      "string_list_data": [
        {
          "href": "https://www.instagram.com/_ryanpham",
          "value": "_ryanpham",
          "timestamp": 1669221154
        }
      ]
    },
    {
      "title": "",
      "media_list_data": [
        
      ],
      "string_list_data": [
        {
          "href": "https://www.instagram.com/josh.hayes02",
          "value": "josh.hayes02",
          "timestamp": 1668891671
        }
      ]
    },
    {
      "title": "",
      "media_list_data": [
        
      ],
      "string_list_data": [
        {
          "href": "https://www.instagram.com/loc_nguyen11",
          "value": "loc_nguyen11",
          "timestamp": 1668752469
        }
      ]
    },
    {
      "title": "",
      "media_list_data": [
        
      ],
      "string_list_data": [
        {
          "href": "https://www.instagram.com/valerianoojong",
          "value": "valerianoojong",
          "timestamp": 1667957544
        }
      ]
    },
    {
      "title": "",
      "media_list_data": [
        
      ],
      "string_list_data": [
        {
          "href": "https://www.instagram.com/bigdaddysensei_2133",
          "value": "bigdaddysensei_2133",
          "timestamp": 1665610877
        }
      ]
    },
    {
      "title": "",
      "media_list_data": [
        
      ],
      "string_list_data": [
        {
          "href": "https://www.instagram.com/nw0bu",
          "value": "nw0bu",
          "timestamp": 1665557720
        }
      ]
    },
    {
      "title": "",
      "media_list_data": [
        
      ],
      "string_list_data": [
        {
          "href": "https://www.instagram.com/thiennhoanggg",
          "value": "thiennhoanggg",
          "timestamp": 1664581416
        }
      ]
    },
    {
      "title": "",
      "media_list_data": [
        
      ],
      "string_list_data": [
        {
          "href": "https://www.instagram.com/jrazn",
          "value": "jrazn",
          "timestamp": 1664312797
        }
      ]
    },
    {
      "title": "",
      "media_list_data": [
        
      ],
      "string_list_data": [
        {
          "href": "https://www.instagram.com/chels.trann",
          "value": "chels.trann",
          "timestamp": 1664258337
        }
      ]
    },
    {
      "title": "",
      "media_list_data": [
        
      ],
      "string_list_data": [
        {
          "href": "https://www.instagram.com/kidc_ex",
          "value": "kidc_ex",
          "timestamp": 1663691174
        }
      ]
    },
    {
      "title": "",
      "media_list_data": [
        
      ],
      "string_list_data": [
        {
          "href": "https://www.instagram.com/ethanma04",
          "value": "ethanma04",
          "timestamp": 1663194383
        }
      ]
    },
    {
      "title": "",
      "media_list_data": [
        
      ],
      "string_list_data": [
        {
          "href": "https://www.instagram.com/drod.956",
          "value": "drod.956",
          "timestamp": 1663169131
        }
      ]
    },
    {
      "title": "",
      "media_list_data": [
        
      ],
      "string_list_data": [
        {
          "href": "https://www.instagram.com/ashle.y.nguyen",
          "value": "ashle.y.nguyen",
          "timestamp": 1663028931
        }
      ]
    },
    {
      "title": "",
      "media_list_data": [
        
      ],
      "string_list_data": [
        {
          "href": "https://www.instagram.com/joshuanotrealaccount",
          "value": "joshuanotrealaccount",
          "timestamp": 1663022916
        }
      ]
    },
    {
      "title": "",
      "media_list_data": [
        
      ],
      "string_list_data": [
        {
          "href": "https://www.instagram.com/andydrooo",
          "value": "andydrooo",
          "timestamp": 1662678889
        }
      ]
    },
    {
      "title": "",
      "media_list_data": [
        
      ],
      "string_list_data": [
        {
          "href": "https://www.instagram.com/irving_z__",
          "value": "irving_z__",
          "timestamp": 1662592591
        }
      ]
    },
    {
      "title": "",
      "media_list_data": [
        
      ],
      "string_list_data": [
        {
          "href": "https://www.instagram.com/katiestein05",
          "value": "katiestein05",
          "timestamp": 1662066107
        }
      ]
    },
    {
      "title": "",
      "media_list_data": [
        
      ],
      "string_list_data": [
        {
          "href": "https://www.instagram.com/jiimmmyhuynh",
          "value": "jiimmmyhuynh",
          "timestamp": 1661590021
        }
      ]
    },
    {
      "title": "",
      "media_list_data": [
        
      ],
      "string_list_data": [
        {
          "href": "https://www.instagram.com/leonw1n",
          "value": "leonw1n",
          "timestamp": 1661572878
        }
      ]
    },
    {
      "title": "",
      "media_list_data": [
        
      ],
      "string_list_data": [
        {
          "href": "https://www.instagram.com/davin.du0ng",
          "value": "davin.du0ng",
          "timestamp": 1661572700
        }
      ]
    },
    {
      "title": "",
      "media_list_data": [
        
      ],
      "string_list_data": [
        {
          "href": "https://www.instagram.com/chen.tongjian",
          "value": "chen.tongjian",
          "timestamp": 1661565337
        }
      ]
    },
    {
      "title": "",
      "media_list_data": [
        
      ],
      "string_list_data": [
        {
          "href": "https://www.instagram.com/jesicaluu",
          "value": "jesicaluu",
          "timestamp": 1661537962
        }
      ]
    },
    {
      "title": "",
      "media_list_data": [
        
      ],
      "string_list_data": [
        {
          "href": "https://www.instagram.com/is4as",
          "value": "is4as",
          "timestamp": 1661401871
        }
      ]
    },
    {
      "title": "",
      "media_list_data": [
        
      ],
      "string_list_data": [
        {
          "href": "https://www.instagram.com/kinlycandy",
          "value": "kinlycandy",
          "timestamp": 1661399825
        }
      ]
    },
    {
      "title": "",
      "media_list_data": [
        
      ],
      "string_list_data": [
        {
          "href": "https://www.instagram.com/cris021__",
          "value": "cris021__",
          "timestamp": 1661368328
        }
      ]
    },
    {
      "title": "",
      "media_list_data": [
        
      ],
      "string_list_data": [
        {
          "href": "https://www.instagram.com/shayaan_q",
          "value": "shayaan_q",
          "timestamp": 1661368192
        }
      ]
    },
    {
      "title": "",
      "media_list_data": [
        
      ],
      "string_list_data": [
        {
          "href": "https://www.instagram.com/cupidisa",
          "value": "cupidisa",
          "timestamp": 1661368143
        }
      ]
    },
    {
      "title": "",
      "media_list_data": [
        
      ],
      "string_list_data": [
        {
          "href": "https://www.instagram.com/conlinny",
          "value": "conlinny",
          "timestamp": 1661368141
        }
      ]
    },
    {
      "title": "",
      "media_list_data": [
        
      ],
      "string_list_data": [
        {
          "href": "https://www.instagram.com/bohan_rohan",
          "value": "bohan_rohan",
          "timestamp": 1661270077
        }
      ]
    },
    {
      "title": "",
      "media_list_data": [
        
      ],
      "string_list_data": [
        {
          "href": "https://www.instagram.com/houstonomegas",
          "value": "houstonomegas",
          "timestamp": 1661248620
        }
      ]
    },
    {
      "title": "",
      "media_list_data": [
        
      ],
      "string_list_data": [
        {
          "href": "https://www.instagram.com/ttinaa.tran",
          "value": "ttinaa.tran",
          "timestamp": 1661219149
        }
      ]
    },
    {
      "title": "",
      "media_list_data": [
        
      ],
      "string_list_data": [
        {
          "href": "https://www.instagram.com/kev.bevin",
          "value": "kev.bevin",
          "timestamp": 1661214370
        }
      ]
    },
    {
      "title": "",
      "media_list_data": [
        
      ],
      "string_list_data": [
        {
          "href": "https://www.instagram.com/goku_d15",
          "value": "goku_d15",
          "timestamp": 1661128423
        }
      ]
    },
    {
      "title": "",
      "media_list_data": [
        
      ],
      "string_list_data": [
        {
          "href": "https://www.instagram.com/tommy.youngg",
          "value": "tommy.youngg",
          "timestamp": 1661118974
        }
      ]
    },
    {
      "title": "",
      "media_list_data": [
        
      ],
      "string_list_data": [
        {
          "href": "https://www.instagram.com/htxseth",
          "value": "htxseth",
          "timestamp": 1661118973
        }
      ]
    },
    {
      "title": "",
      "media_list_data": [
        
      ],
      "string_list_data": [
        {
          "href": "https://www.instagram.com/andy.duo",
          "value": "andy.duo",
          "timestamp": 1660956620
        }
      ]
    },
    {
      "title": "",
      "media_list_data": [
        
      ],
      "string_list_data": [
        {
          "href": "https://www.instagram.com/v3nished",
          "value": "v3nished",
          "timestamp": 1660938292
        }
      ]
    },
    {
      "title": "",
      "media_list_data": [
        
      ],
      "string_list_data": [
        {
          "href": "https://www.instagram.com/aysiahmonique",
          "value": "aysiahmonique",
          "timestamp": 1660254044
        }
      ]
    },
    {
      "title": "",
      "media_list_data": [
        
      ],
      "string_list_data": [
        {
          "href": "https://www.instagram.com/myxpaige",
          "value": "myxpaige",
          "timestamp": 1660005857
        }
      ]
    },
    {
      "title": "",
      "media_list_data": [
        
      ],
      "string_list_data": [
        {
          "href": "https://www.instagram.com/crz.jaime",
          "value": "crz.jaime",
          "timestamp": 1659986841
        }
      ]
    },
    {
      "title": "",
      "media_list_data": [
        
      ],
      "string_list_data": [
        {
          "href": "https://www.instagram.com/marcotejada_",
          "value": "marcotejada_",
          "timestamp": 1659986671
        }
      ]
    },
    {
      "title": "",
      "media_list_data": [
        
      ],
      "string_list_data": [
        {
          "href": "https://www.instagram.com/leah._ingram",
          "value": "leah._ingram",
          "timestamp": 1659985610
        }
      ]
    },
    {
      "title": "",
      "media_list_data": [
        
      ],
      "string_list_data": [
        {
          "href": "https://www.instagram.com/_bonifer",
          "value": "_bonifer",
          "timestamp": 1659901429
        }
      ]
    },
    {
      "title": "",
      "media_list_data": [
        
      ],
      "string_list_data": [
        {
          "href": "https://www.instagram.com/theneerajsuresh",
          "value": "theneerajsuresh",
          "timestamp": 1659840581
        }
      ]
    },
    {
      "title": "",
      "media_list_data": [
        
      ],
      "string_list_data": [
        {
          "href": "https://www.instagram.com/db0uu",
          "value": "db0uu",
          "timestamp": 1659839983
        }
      ]
    },
    {
      "title": "",
      "media_list_data": [
        
      ],
      "string_list_data": [
        {
          "href": "https://www.instagram.com/azaaniah",
          "value": "azaaniah",
          "timestamp": 1659740593
        }
      ]
    },
    {
      "title": "",
      "media_list_data": [
        
      ],
      "string_list_data": [
        {
          "href": "https://www.instagram.com/itztymiller",
          "value": "itztymiller",
          "timestamp": 1659738937
        }
      ]
    },
    {
      "title": "",
      "media_list_data": [
        
      ],
      "string_list_data": [
        {
          "href": "https://www.instagram.com/tonyisnguyen",
          "value": "tonyisnguyen",
          "timestamp": 1659570398
        }
      ]
    },
    {
      "title": "",
      "media_list_data": [
        
      ],
      "string_list_data": [
        {
          "href": "https://www.instagram.com/haleyromine",
          "value": "haleyromine",
          "timestamp": 1659557436
        }
      ]
    },
    {
      "title": "",
      "media_list_data": [
        
      ],
      "string_list_data": [
        {
          "href": "https://www.instagram.com/saptarshide04",
          "value": "saptarshide04",
          "timestamp": 1659551913
        }
      ]
    },
    {
      "title": "",
      "media_list_data": [
        
      ],
      "string_list_data": [
        {
          "href": "https://www.instagram.com/sanrio_baddie",
          "value": "sanrio_baddie",
          "timestamp": 1659546200
        }
      ]
    },
    {
      "title": "",
      "media_list_data": [
        
      ],
      "string_list_data": [
        {
          "href": "https://www.instagram.com/asleyawng",
          "value": "asleyawng",
          "timestamp": 1659413330
        }
      ]
    },
    {
      "title": "",
      "media_list_data": [
        
      ],
      "string_list_data": [
        {
          "href": "https://www.instagram.com/vincent.thang",
          "value": "vincent.thang",
          "timestamp": 1659384926
        }
      ]
    },
    {
      "title": "",
      "media_list_data": [
        
      ],
      "string_list_data": [
        {
          "href": "https://www.instagram.com/txmed_tronix",
          "value": "txmed_tronix",
          "timestamp": 1659378106
        }
      ]
    },
    {
      "title": "",
      "media_list_data": [
        
      ],
      "string_list_data": [
        {
          "href": "https://www.instagram.com/nathan._.pham",
          "value": "nathan._.pham",
          "timestamp": 1659322988
        }
      ]
    },
    {
      "title": "",
      "media_list_data": [
        
      ],
      "string_list_data": [
        {
          "href": "https://www.instagram.com/nao.koune",
          "value": "nao.koune",
          "timestamp": 1659311958
        }
      ]
    },
    {
      "title": "",
      "media_list_data": [
        
      ],
      "string_list_data": [
        {
          "href": "https://www.instagram.com/tyler.rvrs",
          "value": "tyler.rvrs",
          "timestamp": 1659236971
        }
      ]
    },
    {
      "title": "",
      "media_list_data": [
        
      ],
      "string_list_data": [
        {
          "href": "https://www.instagram.com/miabella.guzman",
          "value": "miabella.guzman",
          "timestamp": 1659131742
        }
      ]
    },
    {
      "title": "",
      "media_list_data": [
        
      ],
      "string_list_data": [
        {
          "href": "https://www.instagram.com/kevinhoang_g",
          "value": "kevinhoang_g",
          "timestamp": 1659074883
        }
      ]
    },
    {
      "title": "",
      "media_list_data": [
        
      ],
      "string_list_data": [
        {
          "href": "https://www.instagram.com/vickii_san",
          "value": "vickii_san",
          "timestamp": 1659061166
        }
      ]
    },
    {
      "title": "",
      "media_list_data": [
        
      ],
      "string_list_data": [
        {
          "href": "https://www.instagram.com/viana._.h",
          "value": "viana._.h",
          "timestamp": 1659058898
        }
      ]
    },
    {
      "title": "",
      "media_list_data": [
        
      ],
      "string_list_data": [
        {
          "href": "https://www.instagram.com/xzadus",
          "value": "xzadus",
          "timestamp": 1659056727
        }
      ]
    },
    {
      "title": "",
      "media_list_data": [
        
      ],
      "string_list_data": [
        {
          "href": "https://www.instagram.com/thelancedao",
          "value": "thelancedao",
          "timestamp": 1659054329
        }
      ]
    },
    {
      "title": "",
      "media_list_data": [
        
      ],
      "string_list_data": [
        {
          "href": "https://www.instagram.com/dylanwiinn",
          "value": "dylanwiinn",
          "timestamp": 1659045849
        }
      ]
    },
    {
      "title": "",
      "media_list_data": [
        
      ],
      "string_list_data": [
        {
          "href": "https://www.instagram.com/lxnhy",
          "value": "lxnhy",
          "timestamp": 1659044024
        }
      ]
    },
    {
      "title": "",
      "media_list_data": [
        
      ],
      "string_list_data": [
        {
          "href": "https://www.instagram.com/marcusdln",
          "value": "marcusdln",
          "timestamp": 1659043973
        }
      ]
    },
    {
      "title": "",
      "media_list_data": [
        
      ],
      "string_list_data": [
        {
          "href": "https://www.instagram.com/marcelovidaljr",
          "value": "marcelovidaljr",
          "timestamp": 1657679625
        }
      ]
    },
    {
      "title": "",
      "media_list_data": [
        
      ],
      "string_list_data": [
        {
          "href": "https://www.instagram.com/htx_junior13",
          "value": "htx_junior13",
          "timestamp": 1657429067
        }
      ]
    },
    {
      "title": "",
      "media_list_data": [
        
      ],
      "string_list_data": [
        {
          "href": "https://www.instagram.com/bbui03",
          "value": "bbui03",
          "timestamp": 1656745561
        }
      ]
    },
    {
      "title": "",
      "media_list_data": [
        
      ],
      "string_list_data": [
        {
          "href": "https://www.instagram.com/f.aerie_",
          "value": "f.aerie_",
          "timestamp": 1655934981
        }
      ]
    },
    {
      "title": "",
      "media_list_data": [
        
      ],
      "string_list_data": [
        {
          "href": "https://www.instagram.com/_.mikekay._",
          "value": "_.mikekay._",
          "timestamp": 1654796911
        }
      ]
    },
    {
      "title": "",
      "media_list_data": [
        
      ],
      "string_list_data": [
        {
          "href": "https://www.instagram.com/le.richard1264",
          "value": "le.richard1264",
          "timestamp": 1654796884
        }
      ]
    },
    {
      "title": "",
      "media_list_data": [
        
      ],
      "string_list_data": [
        {
          "href": "https://www.instagram.com/kelliiieee",
          "value": "kelliiieee",
          "timestamp": 1654239200
        }
      ]
    },
    {
      "title": "",
      "media_list_data": [
        
      ],
      "string_list_data": [
        {
          "href": "https://www.instagram.com/nitikavelu",
          "value": "nitikavelu",
          "timestamp": 1654215898
        }
      ]
    },
    {
      "title": "",
      "media_list_data": [
        
      ],
      "string_list_data": [
        {
          "href": "https://www.instagram.com/derianmantia",
          "value": "derianmantia",
          "timestamp": 1654138842
        }
      ]
    },
    {
      "title": "",
      "media_list_data": [
        
      ],
      "string_list_data": [
        {
          "href": "https://www.instagram.com/kovefe",
          "value": "kovefe",
          "timestamp": 1654138634
        }
      ]
    },
    {
      "title": "",
      "media_list_data": [
        
      ],
      "string_list_data": [
        {
          "href": "https://www.instagram.com/crimsionazn",
          "value": "crimsionazn",
          "timestamp": 1654013413
        }
      ]
    },
    {
      "title": "",
      "media_list_data": [
        
      ],
      "string_list_data": [
        {
          "href": "https://www.instagram.com/clayton.peng",
          "value": "clayton.peng",
          "timestamp": 1653930427
        }
      ]
    },
    {
      "title": "",
      "media_list_data": [
        
      ],
      "string_list_data": [
        {
          "href": "https://www.instagram.com/chickenoodlesoup01111",
          "value": "chickenoodlesoup01111",
          "timestamp": 1653760889
        }
      ]
    },
    {
      "title": "",
      "media_list_data": [
        
      ],
      "string_list_data": [
        {
          "href": "https://www.instagram.com/caraungg",
          "value": "caraungg",
          "timestamp": 1653716181
        }
      ]
    },
    {
      "title": "",
      "media_list_data": [
        
      ],
      "string_list_data": [
        {
          "href": "https://www.instagram.com/pablo.1210",
          "value": "pablo.1210",
          "timestamp": 1653711861
        }
      ]
    },
    {
      "title": "",
      "media_list_data": [
        
      ],
      "string_list_data": [
        {
          "href": "https://www.instagram.com/htx_ttp.g",
          "value": "htx_ttp.g",
          "timestamp": 1653711667
        }
      ]
    },
    {
      "title": "",
      "media_list_data": [
        
      ],
      "string_list_data": [
        {
          "href": "https://www.instagram.com/brandon_postma4",
          "value": "brandon_postma4",
          "timestamp": 1653708921
        }
      ]
    },
    {
      "title": "",
      "media_list_data": [
        
      ],
      "string_list_data": [
        {
          "href": "https://www.instagram.com/jacobe._.boche",
          "value": "jacobe._.boche",
          "timestamp": 1653676409
        }
      ]
    },
    {
      "title": "",
      "media_list_data": [
        
      ],
      "string_list_data": [
        {
          "href": "https://www.instagram.com/derick.slikk",
          "value": "derick.slikk",
          "timestamp": 1653674956
        }
      ]
    },
    {
      "title": "",
      "media_list_data": [
        
      ],
      "string_list_data": [
        {
          "href": "https://www.instagram.com/parkerdboles",
          "value": "parkerdboles",
          "timestamp": 1653674842
        }
      ]
    },
    {
      "title": "",
      "media_list_data": [
        
      ],
      "string_list_data": [
        {
          "href": "https://www.instagram.com/mickey.heinz",
          "value": "mickey.heinz",
          "timestamp": 1653668816
        }
      ]
    },
    {
      "title": "",
      "media_list_data": [
        
      ],
      "string_list_data": [
        {
          "href": "https://www.instagram.com/steph.padilla18",
          "value": "steph.padilla18",
          "timestamp": 1653667182
        }
      ]
    },
    {
      "title": "",
      "media_list_data": [
        
      ],
      "string_list_data": [
        {
          "href": "https://www.instagram.com/kaveesha_soysa",
          "value": "kaveesha_soysa",
          "timestamp": 1653629652
        }
      ]
    },
    {
      "title": "",
      "media_list_data": [
        
      ],
      "string_list_data": [
        {
          "href": "https://www.instagram.com/bevxrlyy",
          "value": "bevxrlyy",
          "timestamp": 1653624612
        }
      ]
    },
    {
      "title": "",
      "media_list_data": [
        
      ],
      "string_list_data": [
        {
          "href": "https://www.instagram.com/davidmrobertsonjr",
          "value": "davidmrobertsonjr",
          "timestamp": 1653623350
        }
      ]
    },
    {
      "title": "",
      "media_list_data": [
        
      ],
      "string_list_data": [
        {
          "href": "https://www.instagram.com/marcus_izzy14",
          "value": "marcus_izzy14",
          "timestamp": 1653609724
        }
      ]
    },
    {
      "title": "",
      "media_list_data": [
        
      ],
      "string_list_data": [
        {
          "href": "https://www.instagram.com/kamigrayy",
          "value": "kamigrayy",
          "timestamp": 1653603265
        }
      ]
    },
    {
      "title": "",
      "media_list_data": [
        
      ],
      "string_list_data": [
        {
          "href": "https://www.instagram.com/nelson__chou",
          "value": "nelson__chou",
          "timestamp": 1653593942
        }
      ]
    },
    {
      "title": "",
      "media_list_data": [
        
      ],
      "string_list_data": [
        {
          "href": "https://www.instagram.com/natmtz.a",
          "value": "natmtz.a",
          "timestamp": 1653593873
        }
      ]
    },
    {
      "title": "",
      "media_list_data": [
        
      ],
      "string_list_data": [
        {
          "href": "https://www.instagram.com/kashf.karovalia",
          "value": "kashf.karovalia",
          "timestamp": 1653593245
        }
      ]
    },
    {
      "title": "",
      "media_list_data": [
        
      ],
      "string_list_data": [
        {
          "href": "https://www.instagram.com/nancyymttz",
          "value": "nancyymttz",
          "timestamp": 1653593034
        }
      ]
    },
    {
      "title": "",
      "media_list_data": [
        
      ],
      "string_list_data": [
        {
          "href": "https://www.instagram.com/a1varo177",
          "value": "a1varo177",
          "timestamp": 1653592370
        }
      ]
    },
    {
      "title": "",
      "media_list_data": [
        
      ],
      "string_list_data": [
        {
          "href": "https://www.instagram.com/jordann.r_",
          "value": "jordann.r_",
          "timestamp": 1653588337
        }
      ]
    },
    {
      "title": "",
      "media_list_data": [
        
      ],
      "string_list_data": [
        {
          "href": "https://www.instagram.com/ty.inman",
          "value": "ty.inman",
          "timestamp": 1653584638
        }
      ]
    },
    {
      "title": "",
      "media_list_data": [
        
      ],
      "string_list_data": [
        {
          "href": "https://www.instagram.com/harryplte30",
          "value": "harryplte30",
          "timestamp": 1653582217
        }
      ]
    },
    {
      "title": "",
      "media_list_data": [
        
      ],
      "string_list_data": [
        {
          "href": "https://www.instagram.com/leroy_ojo",
          "value": "leroy_ojo",
          "timestamp": 1653581730
        }
      ]
    },
    {
      "title": "",
      "media_list_data": [
        
      ],
      "string_list_data": [
        {
          "href": "https://www.instagram.com/arirali_04",
          "value": "arirali_04",
          "timestamp": 1653581561
        }
      ]
    },
    {
      "title": "",
      "media_list_data": [
        
      ],
      "string_list_data": [
        {
          "href": "https://www.instagram.com/connorlile",
          "value": "connorlile",
          "timestamp": 1653354979
        }
      ]
    },
    {
      "title": "",
      "media_list_data": [
        
      ],
      "string_list_data": [
        {
          "href": "https://www.instagram.com/joshua.chandler22",
          "value": "joshua.chandler22",
          "timestamp": 1653239273
        }
      ]
    },
    {
      "title": "",
      "media_list_data": [
        
      ],
      "string_list_data": [
        {
          "href": "https://www.instagram.com/simin.salim_",
          "value": "simin.salim_",
          "timestamp": 1653055889
        }
      ]
    },
    {
      "title": "",
      "media_list_data": [
        
      ],
      "string_list_data": [
        {
          "href": "https://www.instagram.com/j_money_rodriguez",
          "value": "j_money_rodriguez",
          "timestamp": 1653008737
        }
      ]
    },
    {
      "title": "",
      "media_list_data": [
        
      ],
      "string_list_data": [
        {
          "href": "https://www.instagram.com/htxamya",
          "value": "htxamya",
          "timestamp": 1652907713
        }
      ]
    },
    {
      "title": "",
      "media_list_data": [
        
      ],
      "string_list_data": [
        {
          "href": "https://www.instagram.com/jason_ktran",
          "value": "jason_ktran",
          "timestamp": 1652824895
        }
      ]
    },
    {
      "title": "",
      "media_list_data": [
        
      ],
      "string_list_data": [
        {
          "href": "https://www.instagram.com/andyyhuynhh",
          "value": "andyyhuynhh",
          "timestamp": 1652742385
        }
      ]
    },
    {
      "title": "",
      "media_list_data": [
        
      ],
      "string_list_data": [
        {
          "href": "https://www.instagram.com/aangelaochoa",
          "value": "aangelaochoa",
          "timestamp": 1652711094
        }
      ]
    },
    {
      "title": "",
      "media_list_data": [
        
      ],
      "string_list_data": [
        {
          "href": "https://www.instagram.com/kajcote",
          "value": "kajcote",
          "timestamp": 1652706962
        }
      ]
    },
    {
      "title": "",
      "media_list_data": [
        
      ],
      "string_list_data": [
        {
          "href": "https://www.instagram.com/brookedaileyy",
          "value": "brookedaileyy",
          "timestamp": 1652566065
        }
      ]
    },
    {
      "title": "",
      "media_list_data": [
        
      ],
      "string_list_data": [
        {
          "href": "https://www.instagram.com/trapmoneycarloss",
          "value": "trapmoneycarloss",
          "timestamp": 1652557629
        }
      ]
    },
    {
      "title": "",
      "media_list_data": [
        
      ],
      "string_list_data": [
        {
          "href": "https://www.instagram.com/430.zee",
          "value": "430.zee",
          "timestamp": 1652194842
        }
      ]
    },
    {
      "title": "",
      "media_list_data": [
        
      ],
      "string_list_data": [
        {
          "href": "https://www.instagram.com/kenny_b04",
          "value": "kenny_b04",
          "timestamp": 1651805722
        }
      ]
    },
    {
      "title": "",
      "media_list_data": [
        
      ],
      "string_list_data": [
        {
          "href": "https://www.instagram.com/supersleepy69",
          "value": "supersleepy69",
          "timestamp": 1650933798
        }
      ]
    },
    {
      "title": "",
      "media_list_data": [
        
      ],
      "string_list_data": [
        {
          "href": "https://www.instagram.com/yazzyjazzydoo",
          "value": "yazzyjazzydoo",
          "timestamp": 1650916410
        }
      ]
    },
    {
      "title": "",
      "media_list_data": [
        
      ],
      "string_list_data": [
        {
          "href": "https://www.instagram.com/jean1leroy",
          "value": "jean1leroy",
          "timestamp": 1650743566
        }
      ]
    },
    {
      "title": "",
      "media_list_data": [
        
      ],
      "string_list_data": [
        {
          "href": "https://www.instagram.com/aayansbokhari",
          "value": "aayansbokhari",
          "timestamp": 1650420966
        }
      ]
    },
    {
      "title": "",
      "media_list_data": [
        
      ],
      "string_list_data": [
        {
          "href": "https://www.instagram.com/imkev0_",
          "value": "imkev0_",
          "timestamp": 1649888514
        }
      ]
    },
    {
      "title": "",
      "media_list_data": [
        
      ],
      "string_list_data": [
        {
          "href": "https://www.instagram.com/im_khanhtr",
          "value": "im_khanhtr",
          "timestamp": 1649823096
        }
      ]
    },
    {
      "title": "",
      "media_list_data": [
        
      ],
      "string_list_data": [
        {
          "href": "https://www.instagram.com/conficu",
          "value": "conficu",
          "timestamp": 1649765669
        }
      ]
    },
    {
      "title": "",
      "media_list_data": [
        
      ],
      "string_list_data": [
        {
          "href": "https://www.instagram.com/fishymiz",
          "value": "fishymiz",
          "timestamp": 1649706975
        }
      ]
    },
    {
      "title": "",
      "media_list_data": [
        
      ],
      "string_list_data": [
        {
          "href": "https://www.instagram.com/andy_armhgffyh",
          "value": "andy_armhgffyh",
          "timestamp": 1649685680
        }
      ]
    },
    {
      "title": "",
      "media_list_data": [
        
      ],
      "string_list_data": [
        {
          "href": "https://www.instagram.com/dean.vo",
          "value": "dean.vo",
          "timestamp": 1649653991
        }
      ]
    },
    {
      "title": "",
      "media_list_data": [
        
      ],
      "string_list_data": [
        {
          "href": "https://www.instagram.com/waltershada",
          "value": "waltershada",
          "timestamp": 1649650498
        }
      ]
    },
    {
      "title": "",
      "media_list_data": [
        
      ],
      "string_list_data": [
        {
          "href": "https://www.instagram.com/jledea3",
          "value": "jledea3",
          "timestamp": 1649564360
        }
      ]
    },
    {
      "title": "",
      "media_list_data": [
        
      ],
      "string_list_data": [
        {
          "href": "https://www.instagram.com/mikaelacelicious",
          "value": "mikaelacelicious",
          "timestamp": 1649561820
        }
      ]
    },
    {
      "title": "",
      "media_list_data": [
        
      ],
      "string_list_data": [
        {
          "href": "https://www.instagram.com/tylerrdoann",
          "value": "tylerrdoann",
          "timestamp": 1649557267
        }
      ]
    },
    {
      "title": "",
      "media_list_data": [
        
      ],
      "string_list_data": [
        {
          "href": "https://www.instagram.com/shinygmo",
          "value": "shinygmo",
          "timestamp": 1649534161
        }
      ]
    },
    {
      "title": "",
      "media_list_data": [
        
      ],
      "string_list_data": [
        {
          "href": "https://www.instagram.com/_ggeov",
          "value": "_ggeov",
          "timestamp": 1648570247
        }
      ]
    },
    {
      "title": "",
      "media_list_data": [
        
      ],
      "string_list_data": [
        {
          "href": "https://www.instagram.com/chipl3y",
          "value": "chipl3y",
          "timestamp": 1647655745
        }
      ]
    },
    {
      "title": "",
      "media_list_data": [
        
      ],
      "string_list_data": [
        {
          "href": "https://www.instagram.com/jessaqtt",
          "value": "jessaqtt",
          "timestamp": 1647575124
        }
      ]
    },
    {
      "title": "",
      "media_list_data": [
        
      ],
      "string_list_data": [
        {
          "href": "https://www.instagram.com/daph13_",
          "value": "daph13_",
          "timestamp": 1647554158
        }
      ]
    },
    {
      "title": "",
      "media_list_data": [
        
      ],
      "string_list_data": [
        {
          "href": "https://www.instagram.com/da.homi.j",
          "value": "da.homi.j",
          "timestamp": 1647550284
        }
      ]
    },
    {
      "title": "",
      "media_list_data": [
        
      ],
      "string_list_data": [
        {
          "href": "https://www.instagram.com/behnyy",
          "value": "behnyy",
          "timestamp": 1647526251
        }
      ]
    },
    {
      "title": "",
      "media_list_data": [
        
      ],
      "string_list_data": [
        {
          "href": "https://www.instagram.com/abdulatiq4042",
          "value": "abdulatiq4042",
          "timestamp": 1647131128
        }
      ]
    },
    {
      "title": "",
      "media_list_data": [
        
      ],
      "string_list_data": [
        {
          "href": "https://www.instagram.com/camilaa.coboss",
          "value": "camilaa.coboss",
          "timestamp": 1646859410
        }
      ]
    },
    {
      "title": "",
      "media_list_data": [
        
      ],
      "string_list_data": [
        {
          "href": "https://www.instagram.com/andrewho994",
          "value": "andrewho994",
          "timestamp": 1646828812
        }
      ]
    },
    {
      "title": "",
      "media_list_data": [
        
      ],
      "string_list_data": [
        {
          "href": "https://www.instagram.com/dat1kidjosefe",
          "value": "dat1kidjosefe",
          "timestamp": 1646825895
        }
      ]
    },
    {
      "title": "",
      "media_list_data": [
        
      ],
      "string_list_data": [
        {
          "href": "https://www.instagram.com/carlito.toro",
          "value": "carlito.toro",
          "timestamp": 1646796038
        }
      ]
    },
    {
      "title": "",
      "media_list_data": [
        
      ],
      "string_list_data": [
        {
          "href": "https://www.instagram.com/kenziengyn",
          "value": "kenziengyn",
          "timestamp": 1646785903
        }
      ]
    },
    {
      "title": "",
      "media_list_data": [
        
      ],
      "string_list_data": [
        {
          "href": "https://www.instagram.com/irving_z___22",
          "value": "irving_z___22",
          "timestamp": 1646785469
        }
      ]
    },
    {
      "title": "",
      "media_list_data": [
        
      ],
      "string_list_data": [
        {
          "href": "https://www.instagram.com/hoodiechino_",
          "value": "hoodiechino_",
          "timestamp": 1646777272
        }
      ]
    },
    {
      "title": "",
      "media_list_data": [
        
      ],
      "string_list_data": [
        {
          "href": "https://www.instagram.com/charlie__cole_",
          "value": "charlie__cole_",
          "timestamp": 1646772071
        }
      ]
    },
    {
      "title": "",
      "media_list_data": [
        
      ],
      "string_list_data": [
        {
          "href": "https://www.instagram.com/huyloading",
          "value": "huyloading",
          "timestamp": 1646613907
        }
      ]
    },
    {
      "title": "",
      "media_list_data": [
        
      ],
      "string_list_data": [
        {
          "href": "https://www.instagram.com/808.pablo1",
          "value": "808.pablo1",
          "timestamp": 1646609250
        }
      ]
    },
    {
      "title": "",
      "media_list_data": [
        
      ],
      "string_list_data": [
        {
          "href": "https://www.instagram.com/wgarrettcook.e",
          "value": "wgarrettcook.e",
          "timestamp": 1646591263
        }
      ]
    },
    {
      "title": "",
      "media_list_data": [
        
      ],
      "string_list_data": [
        {
          "href": "https://www.instagram.com/imkevintran",
          "value": "imkevintran",
          "timestamp": 1646576214
        }
      ]
    },
    {
      "title": "",
      "media_list_data": [
        
      ],
      "string_list_data": [
        {
          "href": "https://www.instagram.com/jacob.tresin",
          "value": "jacob.tresin",
          "timestamp": 1646527920
        }
      ]
    },
    {
      "title": "",
      "media_list_data": [
        
      ],
      "string_list_data": [
        {
          "href": "https://www.instagram.com/alexljefferson",
          "value": "alexljefferson",
          "timestamp": 1646517004
        }
      ]
    },
    {
      "title": "",
      "media_list_data": [
        
      ],
      "string_list_data": [
        {
          "href": "https://www.instagram.com/kad3n_lee",
          "value": "kad3n_lee",
          "timestamp": 1646280275
        }
      ]
    },
    {
      "title": "",
      "media_list_data": [
        
      ],
      "string_list_data": [
        {
          "href": "https://www.instagram.com/patricknguynn",
          "value": "patricknguynn",
          "timestamp": 1646276378
        }
      ]
    },
    {
      "title": "",
      "media_list_data": [
        
      ],
      "string_list_data": [
        {
          "href": "https://www.instagram.com/yazminneroman",
          "value": "yazminneroman",
          "timestamp": 1646275484
        }
      ]
    },
    {
      "title": "",
      "media_list_data": [
        
      ],
      "string_list_data": [
        {
          "href": "https://www.instagram.com/airman499",
          "value": "airman499",
          "timestamp": 1646265385
        }
      ]
    },
    {
      "title": "",
      "media_list_data": [
        
      ],
      "string_list_data": [
        {
          "href": "https://www.instagram.com/danylagunes",
          "value": "danylagunes",
          "timestamp": 1646264771
        }
      ]
    },
    {
      "title": "",
      "media_list_data": [
        
      ],
      "string_list_data": [
        {
          "href": "https://www.instagram.com/adam_guerrero7",
          "value": "adam_guerrero7",
          "timestamp": 1646262778
        }
      ]
    },
    {
      "title": "",
      "media_list_data": [
        
      ],
      "string_list_data": [
        {
          "href": "https://www.instagram.com/xo.lui__",
          "value": "xo.lui__",
          "timestamp": 1646260930
        }
      ]
    },
    {
      "title": "",
      "media_list_data": [
        
      ],
      "string_list_data": [
        {
          "href": "https://www.instagram.com/mctien04",
          "value": "mctien04",
          "timestamp": 1646259978
        }
      ]
    },
    {
      "title": "",
      "media_list_data": [
        
      ],
      "string_list_data": [
        {
          "href": "https://www.instagram.com/theactivistfoo",
          "value": "theactivistfoo",
          "timestamp": 1646259099
        }
      ]
    },
    {
      "title": "",
      "media_list_data": [
        
      ],
      "string_list_data": [
        {
          "href": "https://www.instagram.com/perez_410",
          "value": "perez_410",
          "timestamp": 1646241130
        }
      ]
    }
  ]
}