{
  "relationships_follow_requests_sent": [
    {
      "title": "",
      "media_list_data": [
        
      ],
      "string_list_data": [
        {
          "href": "https://www.instagram.com/luvnonly",
          "value": "luvnonly",
          "timestamp": 1661709577
        }
      ]
    },
    {
      "title": "",
      "media_list_data": [
        
      ],
      "string_list_data": [
        {
          "href": "https://www.instagram.com/mullicanman",
          "value": "mullicanman",
          "timestamp": 1652673608
        }
      ]
    }
  ]
}