{
  "relationships_unfollowed_users": [
    {
      "title": "",
      "media_list_data": [
        
      ],
      "string_list_data": [
        {
          "href": "https://www.instagram.com/devngyy",
          "value": "devngyy",
          "timestamp": 1675609656
        }
      ]
    },
    {
      "title": "",
      "media_list_data": [
        
      ],
      "string_list_data": [
        {
          "href": "https://www.instagram.com/r.cub10",
          "value": "r.cub10",
          "timestamp": 1675386259
        }
      ]
    },
    {
      "title": "",
      "media_list_data": [
        
      ],
      "string_list_data": [
        {
          "href": "https://www.instagram.com/chonky_mexican_meatball",
          "value": "chonky_mexican_meatball",
          "timestamp": 1674863295
        }
      ]
    },
    {
      "title": "",
      "media_list_data": [
        
      ],
      "string_list_data": [
        {
          "href": "https://www.instagram.com/klein.collins.hs",
          "value": "klein.collins.hs",
          "timestamp": 1673488938
        }
      ]
    },
    {
      "title": "",
      "media_list_data": [
        
      ],
      "string_list_data": [
        {
          "href": "https://www.instagram.com/k.mbappe",
          "value": "k.mbappe",
          "timestamp": 1673488931
        }
      ]
    },
    {
      "title": "",
      "media_list_data": [
        
      ],
      "string_list_data": [
        {
          "href": "https://www.instagram.com/rap",
          "value": "rap",
          "timestamp": 1673488919
        }
      ]
    },
    {
      "title": "",
      "media_list_data": [
        
      ],
      "string_list_data": [
        {
          "href": "https://www.instagram.com/champagnepapi",
          "value": "champagnepapi",
          "timestamp": 1673488862
        }
      ]
    },
    {
      "title": "",
      "media_list_data": [
        
      ],
      "string_list_data": [
        {
          "href": "https://www.instagram.com/deletedacct111111_",
          "value": "deletedacct111111_",
          "timestamp": 1673488847
        }
      ]
    },
    {
      "title": "",
      "media_list_data": [
        
      ],
      "string_list_data": [
        {
          "href": "https://www.instagram.com/jacobo_can2",
          "value": "jacobo_can2",
          "timestamp": 1673488791
        }
      ]
    },
    {
      "title": "",
      "media_list_data": [
        
      ],
      "string_list_data": [
        {
          "href": "https://www.instagram.com/kingjames",
          "value": "kingjames",
          "timestamp": 1673488772
        }
      ]
    },
    {
      "title": "",
      "media_list_data": [
        
      ],
      "string_list_data": [
        {
          "href": "https://www.instagram.com/neymarjr",
          "value": "neymarjr",
          "timestamp": 1673488768
        }
      ]
    },
    {
      "title": "",
      "media_list_data": [
        
      ],
      "string_list_data": [
        {
          "href": "https://www.instagram.com/kanyewest",
          "value": "kanyewest",
          "timestamp": 1673488766
        }
      ]
    },
    {
      "title": "",
      "media_list_data": [
        
      ],
      "string_list_data": [
        {
          "href": "https://www.instagram.com/travisscott",
          "value": "travisscott",
          "timestamp": 1673488766
        }
      ]
    },
    {
      "title": "",
      "media_list_data": [
        
      ],
      "string_list_data": [
        {
          "href": "https://www.instagram.com/cristiano",
          "value": "cristiano",
          "timestamp": 1673488765
        }
      ]
    },
    {
      "title": "",
      "media_list_data": [
        
      ],
      "string_list_data": [
        {
          "href": "https://www.instagram.com/bleacherreport",
          "value": "bleacherreport",
          "timestamp": 1673488764
        }
      ]
    },
    {
      "title": "",
      "media_list_data": [
        
      ],
      "string_list_data": [
        {
          "href": "https://www.instagram.com/wienerboychris",
          "value": "wienerboychris",
          "timestamp": 1672617985
        }
      ]
    },
    {
      "title": "",
      "media_list_data": [
        
      ],
      "string_list_data": [
        {
          "href": "https://www.instagram.com/cintertas",
          "value": "cintertas",
          "timestamp": 1672617979
        }
      ]
    },
    {
      "title": "",
      "media_list_data": [
        
      ],
      "string_list_data": [
        {
          "href": "https://www.instagram.com/kev_chauuuu",
          "value": "kev_chauuuu",
          "timestamp": 1670699893
        }
      ]
    },
    {
      "title": "",
      "media_list_data": [
        
      ],
      "string_list_data": [
        {
          "href": "https://www.instagram.com/aangell.ll",
          "value": "aangell.ll",
          "timestamp": 1670488697
        }
      ]
    }
  ]
}