{
  "relationships_permanent_follow_requests": [
    {
      "title": "",
      "media_list_data": [
        
      ],
      "string_list_data": [
        {
          "href": "https://www.instagram.com/pabloprz_",
          "value": "pabloprz_",
          "timestamp": 1675480324
        }
      ]
    },
    {
      "title": "",
      "media_list_data": [
        
      ],
      "string_list_data": [
        {
          "href": "https://www.instagram.com/t.ml___",
          "value": "t.ml___",
          "timestamp": 1674887255
        }
      ]
    },
    {
      "title": "",
      "media_list_data": [
        
      ],
      "string_list_data": [
        {
          "href": "https://www.instagram.com/josh.bald.win",
          "value": "josh.bald.win",
          "timestamp": 1672453519
        }
      ]
    },
    {
      "title": "",
      "media_list_data": [
        
      ],
      "string_list_data": [
        {
          "href": "https://www.instagram.com/capitaloftx_",
          "value": "capitaloftx_",
          "timestamp": 1672417424
        }
      ]
    },
    {
      "title": "",
      "media_list_data": [
        
      ],
      "string_list_data": [
        {
          "href": "https://www.instagram.com/giang012giang",
          "value": "giang012giang",
          "timestamp": 1669756620
        }
      ]
    },
    {
      "title": "",
      "media_list_data": [
        
      ],
      "string_list_data": [
        {
          "href": "https://www.instagram.com/josh.hayes02",
          "value": "josh.hayes02",
          "timestamp": 1668891673
        }
      ]
    }
  ]
}