{
  "relationships_dismissed_suggested_users": [
    {
      "title": "",
      "media_list_data": [
        
      ],
      "string_list_data": [
        {
          "href": "https://www.instagram.com/nails_byshy7",
          "value": "nails_byshy7",
          "timestamp": 1663044546
        }
      ]
    },
    {
      "title": "",
      "media_list_data": [
        
      ],
      "string_list_data": [
        {
          "href": "https://www.instagram.com/rorithan99",
          "value": "rorithan99",
          "timestamp": 1662987698
        }
      ]
    },
    {
      "title": "",
      "media_list_data": [
        
      ],
      "string_list_data": [
        {
          "href": "https://www.instagram.com/kprem_89",
          "value": "kprem_89",
          "timestamp": 1662411693
        }
      ]
    },
    {
      "title": "",
      "media_list_data": [
        
      ],
      "string_list_data": [
        {
          "href": "https://www.instagram.com/_xoxo.xiomy_",
          "value": "_xoxo.xiomy_",
          "timestamp": 1662411692
        }
      ]
    },
    {
      "title": "",
      "media_list_data": [
        
      ],
      "string_list_data": [
        {
          "href": "https://www.instagram.com/_spammwaliahh_",
          "value": "_spammwaliahh_",
          "timestamp": 1662411679
        }
      ]
    },
    {
      "title": "",
      "media_list_data": [
        
      ],
      "string_list_data": [
        {
          "href": "https://www.instagram.com/glockjay_28",
          "value": "glockjay_28",
          "timestamp": 1662411672
        }
      ]
    },
    {
      "title": "",
      "media_list_data": [
        
      ],
      "string_list_data": [
        {
          "href": "https://www.instagram.com/sa.kh05",
          "value": "sa.kh05",
          "timestamp": 1661113051
        }
      ]
    }
  ]
}