{
  "likes_comment_likes": [
    {
      "title": "uh_affirmations",
      "string_list_data": [
        {
          "href": "https://www.instagram.com/p/CnmklGirggD/",
          "value": "\u00f0\u009f\u0091\u008d",
          "timestamp": 1674150681
        }
      ]
    },
    {
      "title": "travisscott",
      "string_list_data": [
        {
          "href": "https://www.instagram.com/tv/Cejye9OjQWb/",
          "value": "\u00f0\u009f\u0091\u008d",
          "timestamp": 1654734522
        }
      ]
    }
  ]
}