{
  "impressions_history_posts_not_interested": [
    {
      "string_list_data": [
        {
          "href": "https://www.instagram.com/reel/CmanTgkBfcL/",
          "value": "\u00f0\u009f\u0091\u008e"
        },
        {
          "timestamp": 1671932452
        }
      ]
    },
    {
      "string_list_data": [
        {
          "href": "https://www.instagram.com/reel/CmN_7_6gnFM/",
          "value": "\u00f0\u009f\u0091\u008e"
        },
        {
          "timestamp": 1671481554
        }
      ]
    }
  ]
}