{
  "devices_camera": [
    {
      "title": "",
      "media_map_data": {
        
      },
      "string_map_data": {
        "Device ID": {
          "href": "",
          "value": "bc8433ae4a0bf0d1e5c59741745acd49",
          "timestamp": 0
        },
        "Supported SDK Versions": {
          "href": "",
          "value": "131.0,132.0,133.0,134.0,135.0,136.0,137.0,138.0,139.0,140.0,141.0,142.0,143.0,144.0,145.0,146.0,147.0,148.0,149.0,150.0,151.0,152.0,153.0,154.0,155.0",
          "timestamp": 0
        }
      }
    }
  ]
}