{
  "devices_devices": [
    {
      "title": "",
      "media_map_data": {
        
      },
      "string_map_data": {
        "Device ID": {
          "href": "",
          "value": "63DC1E4C-C469-4538-9D12-C3CDE98CE9D5",
          "timestamp": 0
        },
        "Last Login": {
          "href": "",
          "value": "",
          "timestamp": 1674833082
        },
        "User Agent": {
          "href": "",
          "value": "Instagram 267.0.0.8.92 (iPhone12,1; iOS 16_2; en_US; en-US; scale=2.21; 828x1792; 439751848) AppleWebKit/420+",
          "timestamp": 0
        }
      }
    }
  ]
}