{
  "ig_custom_audiences_all_types": [
    {
      "advertiser_name": "adidas",
      "has_data_file_custom_audience": true,
      "has_remarketing_custom_audience": true,
      "has_in_person_store_visit": false
    },
    {
      "advertiser_name": "HBO Max",
      "has_data_file_custom_audience": true,
      "has_remarketing_custom_audience": true,
      "has_in_person_store_visit": false
    },
    {
      "advertiser_name": "Peacock TV",
      "has_data_file_custom_audience": true,
      "has_remarketing_custom_audience": true,
      "has_in_person_store_visit": false
    },
    {
      "advertiser_name": "Pinterest Inc",
      "has_data_file_custom_audience": true,
      "has_remarketing_custom_audience": false,
      "has_in_person_store_visit": false
    },
    {
      "advertiser_name": "PayPal",
      "has_data_file_custom_audience": true,
      "has_remarketing_custom_audience": false,
      "has_in_person_store_visit": false
    },
    {
      "advertiser_name": "Bestow Life Insurance",
      "has_data_file_custom_audience": true,
      "has_remarketing_custom_audience": false,
      "has_in_person_store_visit": false
    },
    {
      "advertiser_name": "Ford Motor Company",
      "has_data_file_custom_audience": true,
      "has_remarketing_custom_audience": false,
      "has_in_person_store_visit": false
    },
    {
      "advertiser_name": "LinkedIn",
      "has_data_file_custom_audience": true,
      "has_remarketing_custom_audience": false,
      "has_in_person_store_visit": false
    },
    {
      "advertiser_name": "ROR Partners",
      "has_data_file_custom_audience": true,
      "has_remarketing_custom_audience": false,
      "has_in_person_store_visit": false
    },
    {
      "advertiser_name": "Texas Wesleyan University",
      "has_data_file_custom_audience": true,
      "has_remarketing_custom_audience": false,
      "has_in_person_store_visit": false
    },
    {
      "advertiser_name": "Hulu",
      "has_data_file_custom_audience": true,
      "has_remarketing_custom_audience": false,
      "has_in_person_store_visit": false
    },
    {
      "advertiser_name": "Valassis",
      "has_data_file_custom_audience": true,
      "has_remarketing_custom_audience": false,
      "has_in_person_store_visit": false
    },
    {
      "advertiser_name": "Hearts & Science",
      "has_data_file_custom_audience": true,
      "has_remarketing_custom_audience": false,
      "has_in_person_store_visit": false
    },
    {
      "advertiser_name": "Grammarly",
      "has_data_file_custom_audience": true,
      "has_remarketing_custom_audience": false,
      "has_in_person_store_visit": false
    },
    {
      "advertiser_name": "Amobee DMP",
      "has_data_file_custom_audience": true,
      "has_remarketing_custom_audience": false,
      "has_in_person_store_visit": false
    },
    {
      "advertiser_name": "Shutterfly",
      "has_data_file_custom_audience": true,
      "has_remarketing_custom_audience": false,
      "has_in_person_store_visit": false
    },
    {
      "advertiser_name": "eBay.co.uk",
      "has_data_file_custom_audience": true,
      "has_remarketing_custom_audience": false,
      "has_in_person_store_visit": false
    },
    {
      "advertiser_name": "Meetsocial HK Digital Marketing Co.\u00ef\u00bc\u008cltd-1",
      "has_data_file_custom_audience": true,
      "has_remarketing_custom_audience": false,
      "has_in_person_store_visit": false
    },
    {
      "advertiser_name": "Zeta",
      "has_data_file_custom_audience": true,
      "has_remarketing_custom_audience": false,
      "has_in_person_store_visit": false
    },
    {
      "advertiser_name": "Wyze",
      "has_data_file_custom_audience": true,
      "has_remarketing_custom_audience": false,
      "has_in_person_store_visit": false
    },
    {
      "advertiser_name": "Grubhub",
      "has_data_file_custom_audience": true,
      "has_remarketing_custom_audience": false,
      "has_in_person_store_visit": false
    },
    {
      "advertiser_name": "Pandamobo",
      "has_data_file_custom_audience": true,
      "has_remarketing_custom_audience": false,
      "has_in_person_store_visit": false
    },
    {
      "advertiser_name": "Retargetly",
      "has_data_file_custom_audience": true,
      "has_remarketing_custom_audience": false,
      "has_in_person_store_visit": false
    },
    {
      "advertiser_name": "Criteo US",
      "has_data_file_custom_audience": true,
      "has_remarketing_custom_audience": false,
      "has_in_person_store_visit": false
    },
    {
      "advertiser_name": "Notion",
      "has_data_file_custom_audience": true,
      "has_remarketing_custom_audience": false,
      "has_in_person_store_visit": false
    },
    {
      "advertiser_name": "Performance Marketing - USD - Spotify AB",
      "has_data_file_custom_audience": true,
      "has_remarketing_custom_audience": false,
      "has_in_person_store_visit": false
    },
    {
      "advertiser_name": "Starcom USA",
      "has_data_file_custom_audience": true,
      "has_remarketing_custom_audience": false,
      "has_in_person_store_visit": false
    },
    {
      "advertiser_name": "Uber",
      "has_data_file_custom_audience": true,
      "has_remarketing_custom_audience": false,
      "has_in_person_store_visit": false
    },
    {
      "advertiser_name": "Codecademy",
      "has_data_file_custom_audience": true,
      "has_remarketing_custom_audience": false,
      "has_in_person_store_visit": false
    },
    {
      "advertiser_name": "MIDFLORIDA Credit Union Amphitheatre",
      "has_data_file_custom_audience": false,
      "has_remarketing_custom_audience": true,
      "has_in_person_store_visit": false
    },
    {
      "advertiser_name": "Veterans United Home Loans Amphitheater at Virginia Beach",
      "has_data_file_custom_audience": false,
      "has_remarketing_custom_audience": true,
      "has_in_person_store_visit": false
    },
    {
      "advertiser_name": "Coastal Credit Union Music Park at Walnut Creek",
      "has_data_file_custom_audience": false,
      "has_remarketing_custom_audience": true,
      "has_in_person_store_visit": false
    },
    {
      "advertiser_name": "The Pavilion at Montage Mountain",
      "has_data_file_custom_audience": false,
      "has_remarketing_custom_audience": true,
      "has_in_person_store_visit": false
    },
    {
      "advertiser_name": "Blossom Music Center",
      "has_data_file_custom_audience": false,
      "has_remarketing_custom_audience": true,
      "has_in_person_store_visit": false
    },
    {
      "advertiser_name": "Live Nation Concerts at Darien Lake Amphitheater",
      "has_data_file_custom_audience": false,
      "has_remarketing_custom_audience": true,
      "has_in_person_store_visit": false
    },
    {
      "advertiser_name": "Concord Pavilion",
      "has_data_file_custom_audience": false,
      "has_remarketing_custom_audience": true,
      "has_in_person_store_visit": false
    },
    {
      "advertiser_name": "Trey Kennedy",
      "has_data_file_custom_audience": false,
      "has_remarketing_custom_audience": true,
      "has_in_person_store_visit": false
    },
    {
      "advertiser_name": "Megadeth",
      "has_data_file_custom_audience": false,
      "has_remarketing_custom_audience": true,
      "has_in_person_store_visit": false
    },
    {
      "advertiser_name": "Black Veil Brides",
      "has_data_file_custom_audience": false,
      "has_remarketing_custom_audience": true,
      "has_in_person_store_visit": false
    },
    {
      "advertiser_name": "Ice Nine Kills",
      "has_data_file_custom_audience": false,
      "has_remarketing_custom_audience": true,
      "has_in_person_store_visit": false
    },
    {
      "advertiser_name": "Motionless In White",
      "has_data_file_custom_audience": false,
      "has_remarketing_custom_audience": true,
      "has_in_person_store_visit": false
    },
    {
      "advertiser_name": "Adidas Tennis",
      "has_data_file_custom_audience": false,
      "has_remarketing_custom_audience": true,
      "has_in_person_store_visit": false
    },
    {
      "advertiser_name": "adidas TERREX",
      "has_data_file_custom_audience": false,
      "has_remarketing_custom_audience": true,
      "has_in_person_store_visit": false
    },
    {
      "advertiser_name": "Tim Dillon",
      "has_data_file_custom_audience": false,
      "has_remarketing_custom_audience": true,
      "has_in_person_store_visit": false
    },
    {
      "advertiser_name": "Anahi",
      "has_data_file_custom_audience": false,
      "has_remarketing_custom_audience": true,
      "has_in_person_store_visit": false
    },
    {
      "advertiser_name": "Christian Chavez",
      "has_data_file_custom_audience": false,
      "has_remarketing_custom_audience": true,
      "has_in_person_store_visit": false
    },
    {
      "advertiser_name": "PNC Bank Arts Center",
      "has_data_file_custom_audience": false,
      "has_remarketing_custom_audience": true,
      "has_in_person_store_visit": false
    },
    {
      "advertiser_name": "Hollywood Casino Amphitheatre St. Louis",
      "has_data_file_custom_audience": false,
      "has_remarketing_custom_audience": true,
      "has_in_person_store_visit": false
    },
    {
      "advertiser_name": "Dos Equis Pavilion",
      "has_data_file_custom_audience": false,
      "has_remarketing_custom_audience": true,
      "has_in_person_store_visit": false
    },
    {
      "advertiser_name": "St. Joseph's Health Amphitheater at Lakeview",
      "has_data_file_custom_audience": false,
      "has_remarketing_custom_audience": true,
      "has_in_person_store_visit": false
    },
    {
      "advertiser_name": "USANA Amphitheatre",
      "has_data_file_custom_audience": false,
      "has_remarketing_custom_audience": true,
      "has_in_person_store_visit": false
    },
    {
      "advertiser_name": "North Island Credit Union Amphitheatre",
      "has_data_file_custom_audience": false,
      "has_remarketing_custom_audience": true,
      "has_in_person_store_visit": false
    },
    {
      "advertiser_name": "Luke Bryan",
      "has_data_file_custom_audience": false,
      "has_remarketing_custom_audience": true,
      "has_in_person_store_visit": false
    },
    {
      "advertiser_name": "Miranda Lambert",
      "has_data_file_custom_audience": false,
      "has_remarketing_custom_audience": true,
      "has_in_person_store_visit": false
    },
    {
      "advertiser_name": "The Pavilion at Star Lake",
      "has_data_file_custom_audience": false,
      "has_remarketing_custom_audience": true,
      "has_in_person_store_visit": false
    },
    {
      "advertiser_name": "OneRepublic",
      "has_data_file_custom_audience": false,
      "has_remarketing_custom_audience": true,
      "has_in_person_store_visit": false
    },
    {
      "advertiser_name": "Maite Perroni",
      "has_data_file_custom_audience": false,
      "has_remarketing_custom_audience": true,
      "has_in_person_store_visit": false
    },
    {
      "advertiser_name": "Talking Stick Resort Amphitheatre",
      "has_data_file_custom_audience": false,
      "has_remarketing_custom_audience": true,
      "has_in_person_store_visit": false
    },
    {
      "advertiser_name": "Hollywood Casino Amphitheatre Chicago",
      "has_data_file_custom_audience": false,
      "has_remarketing_custom_audience": true,
      "has_in_person_store_visit": false
    },
    {
      "advertiser_name": "Shoreline Amphitheatre At Mountain View",
      "has_data_file_custom_audience": false,
      "has_remarketing_custom_audience": true,
      "has_in_person_store_visit": false
    },
    {
      "advertiser_name": "NEEDTOBREATHE",
      "has_data_file_custom_audience": false,
      "has_remarketing_custom_audience": true,
      "has_in_person_store_visit": false
    },
    {
      "advertiser_name": "PNC Music Pavilion",
      "has_data_file_custom_audience": false,
      "has_remarketing_custom_audience": true,
      "has_in_person_store_visit": false
    },
    {
      "advertiser_name": "Freedom Mortgage Pavilion",
      "has_data_file_custom_audience": false,
      "has_remarketing_custom_audience": true,
      "has_in_person_store_visit": false
    },
    {
      "advertiser_name": "Little Big Town",
      "has_data_file_custom_audience": false,
      "has_remarketing_custom_audience": true,
      "has_in_person_store_visit": false
    },
    {
      "advertiser_name": "Xfinity Center",
      "has_data_file_custom_audience": false,
      "has_remarketing_custom_audience": true,
      "has_in_person_store_visit": false
    },
    {
      "advertiser_name": "Xfinity Theatre",
      "has_data_file_custom_audience": false,
      "has_remarketing_custom_audience": true,
      "has_in_person_store_visit": false
    },
    {
      "advertiser_name": "Ruoff Music Center",
      "has_data_file_custom_audience": false,
      "has_remarketing_custom_audience": true,
      "has_in_person_store_visit": false
    },
    {
      "advertiser_name": "Christopher von Uckermann",
      "has_data_file_custom_audience": false,
      "has_remarketing_custom_audience": true,
      "has_in_person_store_visit": false
    },
    {
      "advertiser_name": "Burati Watches",
      "has_data_file_custom_audience": false,
      "has_remarketing_custom_audience": true,
      "has_in_person_store_visit": false
    },
    {
      "advertiser_name": "Lauren Giraldo",
      "has_data_file_custom_audience": false,
      "has_remarketing_custom_audience": true,
      "has_in_person_store_visit": false
    },
    {
      "advertiser_name": "Ameris Bank Amphitheatre",
      "has_data_file_custom_audience": false,
      "has_remarketing_custom_audience": true,
      "has_in_person_store_visit": false
    },
    {
      "advertiser_name": "Key Glock",
      "has_data_file_custom_audience": false,
      "has_remarketing_custom_audience": true,
      "has_in_person_store_visit": false
    },
    {
      "advertiser_name": "Siddhartha",
      "has_data_file_custom_audience": false,
      "has_remarketing_custom_audience": true,
      "has_in_person_store_visit": false
    },
    {
      "advertiser_name": "McKinney",
      "has_data_file_custom_audience": false,
      "has_remarketing_custom_audience": true,
      "has_in_person_store_visit": false
    },
    {
      "advertiser_name": "Roddy Ricch",
      "has_data_file_custom_audience": false,
      "has_remarketing_custom_audience": true,
      "has_in_person_store_visit": false
    },
    {
      "advertiser_name": "Post Malone",
      "has_data_file_custom_audience": false,
      "has_remarketing_custom_audience": true,
      "has_in_person_store_visit": false
    },
    {
      "advertiser_name": "Ali Gatie",
      "has_data_file_custom_audience": false,
      "has_remarketing_custom_audience": true,
      "has_in_person_store_visit": false
    },
    {
      "advertiser_name": "Pi'erre Bourne",
      "has_data_file_custom_audience": false,
      "has_remarketing_custom_audience": true,
      "has_in_person_store_visit": false
    },
    {
      "advertiser_name": "Amon Amarth",
      "has_data_file_custom_audience": false,
      "has_remarketing_custom_audience": true,
      "has_in_person_store_visit": false
    },
    {
      "advertiser_name": "SAM SMITH",
      "has_data_file_custom_audience": false,
      "has_remarketing_custom_audience": true,
      "has_in_person_store_visit": false
    },
    {
      "advertiser_name": "J.I.D",
      "has_data_file_custom_audience": false,
      "has_remarketing_custom_audience": true,
      "has_in_person_store_visit": false
    },
    {
      "advertiser_name": "Smino",
      "has_data_file_custom_audience": false,
      "has_remarketing_custom_audience": true,
      "has_in_person_store_visit": false
    },
    {
      "advertiser_name": "Lynyrd Skynyrd",
      "has_data_file_custom_audience": false,
      "has_remarketing_custom_audience": true,
      "has_in_person_store_visit": false
    },
    {
      "advertiser_name": "ZZ Top",
      "has_data_file_custom_audience": false,
      "has_remarketing_custom_audience": true,
      "has_in_person_store_visit": false
    },
    {
      "advertiser_name": "Live Nation France",
      "has_data_file_custom_audience": false,
      "has_remarketing_custom_audience": true,
      "has_in_person_store_visit": false
    },
    {
      "advertiser_name": "Live Nation Belgium",
      "has_data_file_custom_audience": false,
      "has_remarketing_custom_audience": true,
      "has_in_person_store_visit": false
    },
    {
      "advertiser_name": "Jack White",
      "has_data_file_custom_audience": false,
      "has_remarketing_custom_audience": true,
      "has_in_person_store_visit": false
    },
    {
      "advertiser_name": "MOJO",
      "has_data_file_custom_audience": false,
      "has_remarketing_custom_audience": true,
      "has_in_person_store_visit": false
    },
    {
      "advertiser_name": "Pitbull",
      "has_data_file_custom_audience": false,
      "has_remarketing_custom_audience": true,
      "has_in_person_store_visit": false
    },
    {
      "advertiser_name": "Halestorm",
      "has_data_file_custom_audience": false,
      "has_remarketing_custom_audience": true,
      "has_in_person_store_visit": false
    },
    {
      "advertiser_name": "Afterpay USA",
      "has_data_file_custom_audience": false,
      "has_remarketing_custom_audience": true,
      "has_in_person_store_visit": false
    },
    {
      "advertiser_name": "Anjelah Johnson-Reyes",
      "has_data_file_custom_audience": false,
      "has_remarketing_custom_audience": true,
      "has_in_person_store_visit": false
    },
    {
      "advertiser_name": "je.suis.olivier",
      "has_data_file_custom_audience": false,
      "has_remarketing_custom_audience": true,
      "has_in_person_store_visit": false
    },
    {
      "advertiser_name": "anjalichakra",
      "has_data_file_custom_audience": false,
      "has_remarketing_custom_audience": true,
      "has_in_person_store_visit": false
    },
    {
      "advertiser_name": "Jasmine Brown",
      "has_data_file_custom_audience": false,
      "has_remarketing_custom_audience": true,
      "has_in_person_store_visit": false
    },
    {
      "advertiser_name": "Klarna",
      "has_data_file_custom_audience": false,
      "has_remarketing_custom_audience": true,
      "has_in_person_store_visit": false
    },
    {
      "advertiser_name": "Crocs",
      "has_data_file_custom_audience": false,
      "has_remarketing_custom_audience": true,
      "has_in_person_store_visit": false
    },
    {
      "advertiser_name": "Imagine Dragons",
      "has_data_file_custom_audience": false,
      "has_remarketing_custom_audience": true,
      "has_in_person_store_visit": false
    },
    {
      "advertiser_name": "TurboTax",
      "has_data_file_custom_audience": false,
      "has_remarketing_custom_audience": true,
      "has_in_person_store_visit": false
    },
    {
      "advertiser_name": "The LadyGang",
      "has_data_file_custom_audience": false,
      "has_remarketing_custom_audience": true,
      "has_in_person_store_visit": false
    },
    {
      "advertiser_name": "Danny Elfman",
      "has_data_file_custom_audience": false,
      "has_remarketing_custom_audience": true,
      "has_in_person_store_visit": false
    },
    {
      "advertiser_name": "The Who",
      "has_data_file_custom_audience": false,
      "has_remarketing_custom_audience": true,
      "has_in_person_store_visit": false
    },
    {
      "advertiser_name": "CRS Ecom Ltd",
      "has_data_file_custom_audience": false,
      "has_remarketing_custom_audience": true,
      "has_in_person_store_visit": false
    },
    {
      "advertiser_name": "Don Lorento",
      "has_data_file_custom_audience": false,
      "has_remarketing_custom_audience": true,
      "has_in_person_store_visit": false
    },
    {
      "advertiser_name": "iTHINK Financial Amphitheatre",
      "has_data_file_custom_audience": false,
      "has_remarketing_custom_audience": true,
      "has_in_person_store_visit": false
    },
    {
      "advertiser_name": "Pantera",
      "has_data_file_custom_audience": false,
      "has_remarketing_custom_audience": true,
      "has_in_person_store_visit": false
    },
    {
      "advertiser_name": "The Judds",
      "has_data_file_custom_audience": false,
      "has_remarketing_custom_audience": true,
      "has_in_person_store_visit": false
    },
    {
      "advertiser_name": "Death Cab for Cutie",
      "has_data_file_custom_audience": false,
      "has_remarketing_custom_audience": true,
      "has_in_person_store_visit": false
    },
    {
      "advertiser_name": "The Postal Service",
      "has_data_file_custom_audience": false,
      "has_remarketing_custom_audience": true,
      "has_in_person_store_visit": false
    },
    {
      "advertiser_name": "Lakewood Amphitheatre",
      "has_data_file_custom_audience": false,
      "has_remarketing_custom_audience": true,
      "has_in_person_store_visit": false
    },
    {
      "advertiser_name": "Live Nation Concerts",
      "has_data_file_custom_audience": false,
      "has_remarketing_custom_audience": true,
      "has_in_person_store_visit": false
    },
    {
      "advertiser_name": "Morgan Wallen",
      "has_data_file_custom_audience": false,
      "has_remarketing_custom_audience": true,
      "has_in_person_store_visit": false
    },
    {
      "advertiser_name": "Eladio Carri\u00c3\u00b3n",
      "has_data_file_custom_audience": false,
      "has_remarketing_custom_audience": true,
      "has_in_person_store_visit": false
    },
    {
      "advertiser_name": "Brantley Gilbert",
      "has_data_file_custom_audience": false,
      "has_remarketing_custom_audience": true,
      "has_in_person_store_visit": false
    },
    {
      "advertiser_name": "Logic",
      "has_data_file_custom_audience": false,
      "has_remarketing_custom_audience": true,
      "has_in_person_store_visit": false
    },
    {
      "advertiser_name": "Five Finger Death Punch",
      "has_data_file_custom_audience": false,
      "has_remarketing_custom_audience": true,
      "has_in_person_store_visit": false
    },
    {
      "advertiser_name": "Bret Michaels",
      "has_data_file_custom_audience": false,
      "has_remarketing_custom_audience": true,
      "has_in_person_store_visit": false
    },
    {
      "advertiser_name": "$UICIDEBOY$",
      "has_data_file_custom_audience": false,
      "has_remarketing_custom_audience": true,
      "has_in_person_store_visit": false
    },
    {
      "advertiser_name": "Tyler Childers",
      "has_data_file_custom_audience": false,
      "has_remarketing_custom_audience": true,
      "has_in_person_store_visit": false
    },
    {
      "advertiser_name": "Rod Stewart",
      "has_data_file_custom_audience": false,
      "has_remarketing_custom_audience": true,
      "has_in_person_store_visit": false
    },
    {
      "advertiser_name": "Halsey",
      "has_data_file_custom_audience": false,
      "has_remarketing_custom_audience": true,
      "has_in_person_store_visit": false
    },
    {
      "advertiser_name": "Bad Bunny",
      "has_data_file_custom_audience": false,
      "has_remarketing_custom_audience": true,
      "has_in_person_store_visit": false
    },
    {
      "advertiser_name": "dvsn",
      "has_data_file_custom_audience": false,
      "has_remarketing_custom_audience": true,
      "has_in_person_store_visit": false
    },
    {
      "advertiser_name": "adidas Originals",
      "has_data_file_custom_audience": false,
      "has_remarketing_custom_audience": true,
      "has_in_person_store_visit": false
    },
    {
      "advertiser_name": "RBD",
      "has_data_file_custom_audience": false,
      "has_remarketing_custom_audience": true,
      "has_in_person_store_visit": false
    },
    {
      "advertiser_name": "Barry Manilow",
      "has_data_file_custom_audience": false,
      "has_remarketing_custom_audience": true,
      "has_in_person_store_visit": false
    },
    {
      "advertiser_name": "StockX",
      "has_data_file_custom_audience": false,
      "has_remarketing_custom_audience": true,
      "has_in_person_store_visit": false
    },
    {
      "advertiser_name": "Caf\u00c3\u00a9 Tacvba Oficial",
      "has_data_file_custom_audience": false,
      "has_remarketing_custom_audience": true,
      "has_in_person_store_visit": false
    },
    {
      "advertiser_name": "Grid",
      "has_data_file_custom_audience": false,
      "has_remarketing_custom_audience": true,
      "has_in_person_store_visit": false
    },
    {
      "advertiser_name": "Capital One",
      "has_data_file_custom_audience": false,
      "has_remarketing_custom_audience": true,
      "has_in_person_store_visit": false
    },
    {
      "advertiser_name": "Capital One Caf\u00c3\u00a9",
      "has_data_file_custom_audience": false,
      "has_remarketing_custom_audience": true,
      "has_in_person_store_visit": false
    },
    {
      "advertiser_name": "The Weeknd",
      "has_data_file_custom_audience": false,
      "has_remarketing_custom_audience": true,
      "has_in_person_store_visit": false
    },
    {
      "advertiser_name": "GOAT",
      "has_data_file_custom_audience": false,
      "has_remarketing_custom_audience": true,
      "has_in_person_store_visit": false
    },
    {
      "advertiser_name": "Dance Gavin Dance",
      "has_data_file_custom_audience": false,
      "has_remarketing_custom_audience": true,
      "has_in_person_store_visit": false
    },
    {
      "advertiser_name": "South Park",
      "has_data_file_custom_audience": false,
      "has_remarketing_custom_audience": true,
      "has_in_person_store_visit": false
    },
    {
      "advertiser_name": "FRIENDS (TV Show)",
      "has_data_file_custom_audience": false,
      "has_remarketing_custom_audience": true,
      "has_in_person_store_visit": false
    },
    {
      "advertiser_name": "Alicia Keys",
      "has_data_file_custom_audience": false,
      "has_remarketing_custom_audience": true,
      "has_in_person_store_visit": false
    },
    {
      "advertiser_name": "Chris Lane",
      "has_data_file_custom_audience": false,
      "has_remarketing_custom_audience": true,
      "has_in_person_store_visit": false
    },
    {
      "advertiser_name": "The Flight Attendant",
      "has_data_file_custom_audience": false,
      "has_remarketing_custom_audience": true,
      "has_in_person_store_visit": false
    },
    {
      "advertiser_name": "Summer Walker",
      "has_data_file_custom_audience": false,
      "has_remarketing_custom_audience": true,
      "has_in_person_store_visit": false
    },
    {
      "advertiser_name": "Jack Johnson",
      "has_data_file_custom_audience": false,
      "has_remarketing_custom_audience": true,
      "has_in_person_store_visit": false
    },
    {
      "advertiser_name": "Bazzi",
      "has_data_file_custom_audience": false,
      "has_remarketing_custom_audience": true,
      "has_in_person_store_visit": false
    },
    {
      "advertiser_name": "YG",
      "has_data_file_custom_audience": false,
      "has_remarketing_custom_audience": true,
      "has_in_person_store_visit": false
    },
    {
      "advertiser_name": "deadmau5",
      "has_data_file_custom_audience": false,
      "has_remarketing_custom_audience": true,
      "has_in_person_store_visit": false
    },
    {
      "advertiser_name": "Movement Strategy",
      "has_data_file_custom_audience": false,
      "has_remarketing_custom_audience": true,
      "has_in_person_store_visit": false
    },
    {
      "advertiser_name": "Laura Izumikawa",
      "has_data_file_custom_audience": false,
      "has_remarketing_custom_audience": true,
      "has_in_person_store_visit": false
    },
    {
      "advertiser_name": "Greyandmama",
      "has_data_file_custom_audience": false,
      "has_remarketing_custom_audience": true,
      "has_in_person_store_visit": false
    },
    {
      "advertiser_name": "Color Me Courtney",
      "has_data_file_custom_audience": false,
      "has_remarketing_custom_audience": true,
      "has_in_person_store_visit": false
    },
    {
      "advertiser_name": "Burton Buffaloe",
      "has_data_file_custom_audience": false,
      "has_remarketing_custom_audience": true,
      "has_in_person_store_visit": false
    },
    {
      "advertiser_name": "HBO Max Family",
      "has_data_file_custom_audience": false,
      "has_remarketing_custom_audience": true,
      "has_in_person_store_visit": false
    },
    {
      "advertiser_name": "Circa Survive",
      "has_data_file_custom_audience": false,
      "has_remarketing_custom_audience": true,
      "has_in_person_store_visit": false
    },
    {
      "advertiser_name": "Ebi",
      "has_data_file_custom_audience": false,
      "has_remarketing_custom_audience": true,
      "has_in_person_store_visit": false
    },
    {
      "advertiser_name": "Rob Zombie",
      "has_data_file_custom_audience": false,
      "has_remarketing_custom_audience": true,
      "has_in_person_store_visit": false
    },
    {
      "advertiser_name": "Ha*Ash",
      "has_data_file_custom_audience": false,
      "has_remarketing_custom_audience": true,
      "has_in_person_store_visit": false
    },
    {
      "advertiser_name": "Live Nation Latino",
      "has_data_file_custom_audience": false,
      "has_remarketing_custom_audience": true,
      "has_in_person_store_visit": false
    },
    {
      "advertiser_name": "Wizkid",
      "has_data_file_custom_audience": false,
      "has_remarketing_custom_audience": true,
      "has_in_person_store_visit": false
    },
    {
      "advertiser_name": "Wiz Khalifa",
      "has_data_file_custom_audience": false,
      "has_remarketing_custom_audience": true,
      "has_in_person_store_visit": false
    },
    {
      "advertiser_name": "The Chicks",
      "has_data_file_custom_audience": false,
      "has_remarketing_custom_audience": true,
      "has_in_person_store_visit": false
    },
    {
      "advertiser_name": "Foreigner",
      "has_data_file_custom_audience": false,
      "has_remarketing_custom_audience": true,
      "has_in_person_store_visit": false
    },
    {
      "advertiser_name": "AJR",
      "has_data_file_custom_audience": false,
      "has_remarketing_custom_audience": true,
      "has_in_person_store_visit": false
    },
    {
      "advertiser_name": "Big Time Rush",
      "has_data_file_custom_audience": false,
      "has_remarketing_custom_audience": true,
      "has_in_person_store_visit": false
    },
    {
      "advertiser_name": "Bacilos Oficial",
      "has_data_file_custom_audience": false,
      "has_remarketing_custom_audience": true,
      "has_in_person_store_visit": false
    },
    {
      "advertiser_name": "Danny Ocean",
      "has_data_file_custom_audience": false,
      "has_remarketing_custom_audience": true,
      "has_in_person_store_visit": false
    },
    {
      "advertiser_name": "Harry Potter",
      "has_data_file_custom_audience": false,
      "has_remarketing_custom_audience": true,
      "has_in_person_store_visit": false
    },
    {
      "advertiser_name": "Gossip Girl",
      "has_data_file_custom_audience": false,
      "has_remarketing_custom_audience": true,
      "has_in_person_store_visit": false
    },
    {
      "advertiser_name": "Lamb of God",
      "has_data_file_custom_audience": false,
      "has_remarketing_custom_audience": true,
      "has_in_person_store_visit": false
    },
    {
      "advertiser_name": "bbno$",
      "has_data_file_custom_audience": false,
      "has_remarketing_custom_audience": true,
      "has_in_person_store_visit": false
    },
    {
      "advertiser_name": "HAIM",
      "has_data_file_custom_audience": false,
      "has_remarketing_custom_audience": true,
      "has_in_person_store_visit": false
    },
    {
      "advertiser_name": "American Express",
      "has_data_file_custom_audience": false,
      "has_remarketing_custom_audience": true,
      "has_in_person_store_visit": false
    },
    {
      "advertiser_name": "Harry Styles",
      "has_data_file_custom_audience": false,
      "has_remarketing_custom_audience": true,
      "has_in_person_store_visit": false
    },
    {
      "advertiser_name": "Paul McCartney",
      "has_data_file_custom_audience": false,
      "has_remarketing_custom_audience": true,
      "has_in_person_store_visit": false
    },
    {
      "advertiser_name": "Steely Dan",
      "has_data_file_custom_audience": false,
      "has_remarketing_custom_audience": true,
      "has_in_person_store_visit": false
    },
    {
      "advertiser_name": "Live Nation Comedy",
      "has_data_file_custom_audience": false,
      "has_remarketing_custom_audience": true,
      "has_in_person_store_visit": false
    },
    {
      "advertiser_name": "Dude Perfect",
      "has_data_file_custom_audience": false,
      "has_remarketing_custom_audience": true,
      "has_in_person_store_visit": false
    },
    {
      "advertiser_name": "Demi Lovato",
      "has_data_file_custom_audience": false,
      "has_remarketing_custom_audience": true,
      "has_in_person_store_visit": false
    },
    {
      "advertiser_name": "Knocked Loose",
      "has_data_file_custom_audience": false,
      "has_remarketing_custom_audience": true,
      "has_in_person_store_visit": false
    },
    {
      "advertiser_name": "BRING ME THE HORIZON",
      "has_data_file_custom_audience": false,
      "has_remarketing_custom_audience": true,
      "has_in_person_store_visit": false
    },
    {
      "advertiser_name": "Yung Gravy",
      "has_data_file_custom_audience": false,
      "has_remarketing_custom_audience": true,
      "has_in_person_store_visit": false
    },
    {
      "advertiser_name": "ZHU",
      "has_data_file_custom_audience": false,
      "has_remarketing_custom_audience": true,
      "has_in_person_store_visit": false
    },
    {
      "advertiser_name": "Boss Baby",
      "has_data_file_custom_audience": false,
      "has_remarketing_custom_audience": true,
      "has_in_person_store_visit": false
    },
    {
      "advertiser_name": "Joss Favela",
      "has_data_file_custom_audience": false,
      "has_remarketing_custom_audience": true,
      "has_in_person_store_visit": false
    },
    {
      "advertiser_name": "Jessi Uribe",
      "has_data_file_custom_audience": false,
      "has_remarketing_custom_audience": true,
      "has_in_person_store_visit": false
    },
    {
      "advertiser_name": "Jan's Spring Design",
      "has_data_file_custom_audience": false,
      "has_remarketing_custom_audience": true,
      "has_in_person_store_visit": false
    },
    {
      "advertiser_name": "Nikki Rodri",
      "has_data_file_custom_audience": false,
      "has_remarketing_custom_audience": true,
      "has_in_person_store_visit": false
    },
    {
      "advertiser_name": "Iamtorres",
      "has_data_file_custom_audience": false,
      "has_remarketing_custom_audience": true,
      "has_in_person_store_visit": false
    },
    {
      "advertiser_name": "Marie Avenue Blog",
      "has_data_file_custom_audience": false,
      "has_remarketing_custom_audience": true,
      "has_in_person_store_visit": false
    },
    {
      "advertiser_name": "Isleta Amphitheater",
      "has_data_file_custom_audience": false,
      "has_remarketing_custom_audience": true,
      "has_in_person_store_visit": false
    },
    {
      "advertiser_name": "New Kids On The Block",
      "has_data_file_custom_audience": false,
      "has_remarketing_custom_audience": true,
      "has_in_person_store_visit": false
    },
    {
      "advertiser_name": "Jiffy Lube Live",
      "has_data_file_custom_audience": false,
      "has_remarketing_custom_audience": true,
      "has_in_person_store_visit": false
    },
    {
      "advertiser_name": "Keith Urban",
      "has_data_file_custom_audience": false,
      "has_remarketing_custom_audience": true,
      "has_in_person_store_visit": false
    },
    {
      "advertiser_name": "Brett Eldredge",
      "has_data_file_custom_audience": false,
      "has_remarketing_custom_audience": true,
      "has_in_person_store_visit": false
    },
    {
      "advertiser_name": "KNOTFEST",
      "has_data_file_custom_audience": false,
      "has_remarketing_custom_audience": true,
      "has_in_person_store_visit": false
    },
    {
      "advertiser_name": "Succession",
      "has_data_file_custom_audience": false,
      "has_remarketing_custom_audience": true,
      "has_in_person_store_visit": false
    },
    {
      "advertiser_name": "adidas MENA",
      "has_data_file_custom_audience": false,
      "has_remarketing_custom_audience": true,
      "has_in_person_store_visit": false
    },
    {
      "advertiser_name": "The Last of Us",
      "has_data_file_custom_audience": false,
      "has_remarketing_custom_audience": true,
      "has_in_person_store_visit": false
    },
    {
      "advertiser_name": "Euphoria",
      "has_data_file_custom_audience": false,
      "has_remarketing_custom_audience": true,
      "has_in_person_store_visit": false
    },
    {
      "advertiser_name": "Zack Snyder's Justice League",
      "has_data_file_custom_audience": false,
      "has_remarketing_custom_audience": true,
      "has_in_person_store_visit": false
    },
    {
      "advertiser_name": "Tom and Jerry",
      "has_data_file_custom_audience": false,
      "has_remarketing_custom_audience": true,
      "has_in_person_store_visit": false
    },
    {
      "advertiser_name": "Marco Antonio Solis",
      "has_data_file_custom_audience": false,
      "has_remarketing_custom_audience": true,
      "has_in_person_store_visit": false
    },
    {
      "advertiser_name": "La Kenini",
      "has_data_file_custom_audience": false,
      "has_remarketing_custom_audience": true,
      "has_in_person_store_visit": false
    },
    {
      "advertiser_name": "rolling loud",
      "has_data_file_custom_audience": false,
      "has_remarketing_custom_audience": true,
      "has_in_person_store_visit": false
    },
    {
      "advertiser_name": "Lil Wayne",
      "has_data_file_custom_audience": false,
      "has_remarketing_custom_audience": true,
      "has_in_person_store_visit": false
    },
    {
      "advertiser_name": "NAV",
      "has_data_file_custom_audience": false,
      "has_remarketing_custom_audience": true,
      "has_in_person_store_visit": false
    },
    {
      "advertiser_name": "Crypt TV",
      "has_data_file_custom_audience": false,
      "has_remarketing_custom_audience": true,
      "has_in_person_store_visit": false
    },
    {
      "advertiser_name": "MediaCom MENA",
      "has_data_file_custom_audience": false,
      "has_remarketing_custom_audience": true,
      "has_in_person_store_visit": false
    },
    {
      "advertiser_name": "Apparel Marketing",
      "has_data_file_custom_audience": false,
      "has_remarketing_custom_audience": true,
      "has_in_person_store_visit": false
    },
    {
      "advertiser_name": "Code Orange",
      "has_data_file_custom_audience": false,
      "has_remarketing_custom_audience": true,
      "has_in_person_store_visit": false
    },
    {
      "advertiser_name": "YoungLA",
      "has_data_file_custom_audience": false,
      "has_remarketing_custom_audience": true,
      "has_in_person_store_visit": false
    },
    {
      "advertiser_name": "YoungLA For Her",
      "has_data_file_custom_audience": false,
      "has_remarketing_custom_audience": true,
      "has_in_person_store_visit": false
    },
    {
      "advertiser_name": "Jerdani Kraja",
      "has_data_file_custom_audience": false,
      "has_remarketing_custom_audience": true,
      "has_in_person_store_visit": false
    },
    {
      "advertiser_name": "Soosh",
      "has_data_file_custom_audience": false,
      "has_remarketing_custom_audience": true,
      "has_in_person_store_visit": false
    },
    {
      "advertiser_name": "HARDY",
      "has_data_file_custom_audience": false,
      "has_remarketing_custom_audience": true,
      "has_in_person_store_visit": false
    },
    {
      "advertiser_name": "Sarah Millican",
      "has_data_file_custom_audience": false,
      "has_remarketing_custom_audience": true,
      "has_in_person_store_visit": false
    },
    {
      "advertiser_name": "Chris Rock",
      "has_data_file_custom_audience": false,
      "has_remarketing_custom_audience": true,
      "has_in_person_store_visit": false
    },
    {
      "advertiser_name": "REO Speedwagon",
      "has_data_file_custom_audience": false,
      "has_remarketing_custom_audience": true,
      "has_in_person_store_visit": false
    },
    {
      "advertiser_name": "Styx",
      "has_data_file_custom_audience": false,
      "has_remarketing_custom_audience": true,
      "has_in_person_store_visit": false
    },
    {
      "advertiser_name": "Killswitch Engage",
      "has_data_file_custom_audience": false,
      "has_remarketing_custom_audience": true,
      "has_in_person_store_visit": false
    },
    {
      "advertiser_name": "twenty one pilots",
      "has_data_file_custom_audience": false,
      "has_remarketing_custom_audience": true,
      "has_in_person_store_visit": false
    },
    {
      "advertiser_name": "Toyota Amphitheatre",
      "has_data_file_custom_audience": false,
      "has_remarketing_custom_audience": true,
      "has_in_person_store_visit": false
    }
  ]
}