{
  "profile_account_insights": [
    {
      "title": "",
      "media_map_data": {
        
      },
      "string_map_data": {
        "Contact Syncing": {
          "href": "",
          "value": "False",
          "timestamp": 0
        },
        "Has Shared Live Video": {
          "href": "",
          "value": "False",
          "timestamp": 0
        },
        "Last Login": {
          "href": "",
          "value": "",
          "timestamp": 1674833202
        },
        "Last Logout": {
          "href": "",
          "value": "",
          "timestamp": 1674833195
        },
        "First Story Time": {
          "href": "",
          "value": "",
          "timestamp": 1659324228
        },
        "Last Story Time": {
          "href": "",
          "value": "",
          "timestamp": 1674446401
        },
        "First Close Friends Story Time": {
          "href": "",
          "value": "",
          "timestamp": 0
        }
      }
    }
  ]
}