{
  "profile_user": [
    {
      "title": "User Information",
      "media_map_data": {
        "Profile Photo": {
          "uri": "media/other/326504874_1346475219263056_4160070018701872692_n_18041185384410377.jpg",
          "creation_timestamp": 1674444138,
          "title": ""
        }
      },
      "string_map_data": {
        "Email": {
          "href": "",
          "value": "tien.ngu04@gmail.com",
          "timestamp": 0
        },
        "Phone Number": {
          "href": "",
          "value": "+18329910208",
          "timestamp": 0
        },
        "Phone Confirmed": {
          "href": "",
          "value": "True",
          "timestamp": 0
        },
        "Phone Confirmation Method": {
          "href": "",
          "value": "Unknown",
          "timestamp": 0
        },
        "Username": {
          "href": "",
          "value": "tien.nguyen04",
          "timestamp": 0
        },
        "Name": {
          "href": "",
          "value": "tien nguyen",
          "timestamp": 0
        },
        "Bio": {
          "href": "",
          "value": "KCHS \u00e2\u0080\u009822\nUH \u00e2\u0080\u009826",
          "timestamp": 0
        },
        "Gender": {
          "href": "",
          "value": "male",
          "timestamp": 0
        },
        "Date of birth": {
          "href": "",
          "value": "2004-03-12",
          "timestamp": 0
        },
        "Private Account": {
          "href": "",
          "value": "True",
          "timestamp": 0
        }
      }
    }
  ]
}