{
  "story_activities_emoji_sliders": [
    {
      "title": "rap",
      "media_list_data": [
        
      ],
      "string_list_data": [
        {
          "href": "",
          "value": "",
          "timestamp": 1658681839
        }
      ]
    },
    {
      "title": "uhbauercollege",
      "media_list_data": [
        
      ],
      "string_list_data": [
        {
          "href": "",
          "value": "",
          "timestamp": 1651697755
        }
      ]
    },
    {
      "title": "brfootball",
      "media_list_data": [
        
      ],
      "string_list_data": [
        {
          "href": "",
          "value": "",
          "timestamp": 1651686577
        }
      ]
    },
    {
      "title": "bleacherreport",
      "media_list_data": [
        
      ],
      "string_list_data": [
        {
          "href": "",
          "value": "",
          "timestamp": 1650740894
        }
      ]
    },
    {
      "title": "bleacherreport",
      "media_list_data": [
        
      ],
      "string_list_data": [
        {
          "href": "",
          "value": "",
          "timestamp": 1650740878
        }
      ]
    }
  ]
}