{
  "story_activities_story_likes": [
    {
      "title": "marcusdln",
      "media_list_data": [
        
      ],
      "string_list_data": [
        {
          "href": "",
          "value": "",
          "timestamp": 1674633456
        }
      ]
    },
    {
      "title": "marcusdln",
      "media_list_data": [
        
      ],
      "string_list_data": [
        {
          "href": "",
          "value": "",
          "timestamp": 1672718369
        }
      ]
    },
    {
      "title": "imkev0_",
      "media_list_data": [
        
      ],
      "string_list_data": [
        {
          "href": "",
          "value": "",
          "timestamp": 1672713401
        }
      ]
    },
    {
      "title": "marcusdln",
      "media_list_data": [
        
      ],
      "string_list_data": [
        {
          "href": "",
          "value": "",
          "timestamp": 1672381895
        }
      ]
    },
    {
      "title": "trapmoneycarloss",
      "media_list_data": [
        
      ],
      "string_list_data": [
        {
          "href": "",
          "value": "",
          "timestamp": 1668192741
        }
      ]
    },
    {
      "title": "danylagunes",
      "media_list_data": [
        
      ],
      "string_list_data": [
        {
          "href": "",
          "value": "",
          "timestamp": 1661044134
        }
      ]
    },
    {
      "title": "coogtv",
      "media_list_data": [
        
      ],
      "string_list_data": [
        {
          "href": "",
          "value": "",
          "timestamp": 1661035139
        }
      ]
    },
    {
      "title": "trapmoneycarloss",
      "media_list_data": [
        
      ],
      "string_list_data": [
        {
          "href": "",
          "value": "",
          "timestamp": 1660575468
        }
      ]
    },
    {
      "title": "trapmoneycarloss",
      "media_list_data": [
        
      ],
      "string_list_data": [
        {
          "href": "",
          "value": "",
          "timestamp": 1659547753
        }
      ]
    },
    {
      "title": "trapmoneycarloss",
      "media_list_data": [
        
      ],
      "string_list_data": [
        {
          "href": "",
          "value": "",
          "timestamp": 1658279476
        }
      ]
    },
    {
      "title": "imkevintran",
      "media_list_data": [
        
      ],
      "string_list_data": [
        {
          "href": "",
          "value": "",
          "timestamp": 1653688359
        }
      ]
    }
  ]
}