{
  "ig_stories": [
    {
      "uri": "media/stories/202301/E3443A21F119BEE3A03A673676424E9E_video_dashinit_17972602304061550.mp4",
      "creation_timestamp": 1674446401,
      "media_metadata": {
        "video_metadata": {
          "exif_data": [
            {
              "iso": 50,
              "focal_length": "5.1",
              "lens_model": "iPhone 13 back dual wide camera 5.1mm f/1.6",
              "software": "15.1.1",
              "device_id": "63DC1E4C-C469-4538-9D12-C3CDE98CE9D5",
              "scene_type": 1,
              "camera_position": "back",
              "lens_make": "Apple",
              "source_type": "library",
              "aperture": "1.3561438092556088",
              "shutter_speed": "11.781821441376838",
              "metering_mode": "5"
            }
          ]
        }
      },
      "title": ""
    },
    {
      "uri": "media/stories/202207/296986973_550328596881245_4442776028058929320_n_18024415276402057.jpg",
      "creation_timestamp": 1659324236,
      "media_metadata": {
        "photo_metadata": {
          "exif_data": [
            {
              "scene_capture_type": "standard",
              "device_id": "63DC1E4C-C469-4538-9D12-C3CDE98CE9D5",
              "camera_position": "front",
              "source_type": "library"
            }
          ]
        }
      },
      "title": ""
    },
    {
      "uri": "media/stories/202207/296367288_624542125755812_8852898826549519032_n_17970807520724340.jpg",
      "creation_timestamp": 1659324228,
      "media_metadata": {
        "photo_metadata": {
          "exif_data": [
            {
              "scene_capture_type": "standard",
              "device_id": "63DC1E4C-C469-4538-9D12-C3CDE98CE9D5",
              "camera_position": "unknown",
              "source_type": "library"
            }
          ]
        }
      },
      "title": ""
    }
  ]
}