{
  "account_history_account_privacy_history": [
    {
      "title": "Switched to Private",
      "media_map_data": {
        
      },
      "string_map_data": {
        "Time": {
          "href": "",
          "value": "",
          "timestamp": 1673091022
        }
      }
    },
    {
      "title": "Switched to Public",
      "media_map_data": {
        
      },
      "string_map_data": {
        "Time": {
          "href": "",
          "value": "",
          "timestamp": 1672548574
        }
      }
    },
    {
      "title": "Switched to Private",
      "media_map_data": {
        
      },
      "string_map_data": {
        "Time": {
          "href": "",
          "value": "",
          "timestamp": 1672543844
        }
      }
    },
    {
      "title": "Switched to Public",
      "media_map_data": {
        
      },
      "string_map_data": {
        "Time": {
          "href": "",
          "value": "",
          "timestamp": 1672417175
        }
      }
    },
    {
      "title": "Switched to Private",
      "media_map_data": {
        
      },
      "string_map_data": {
        "Time": {
          "href": "",
          "value": "",
          "timestamp": 1659634034
        }
      }
    }
  ]
}