{
  "account_history_imprecise_last_known_location": [
    {
      "title": "",
      "media_map_data": {
        
      },
      "string_map_data": {
        "Imprecise Latitude": {
          "href": "",
          "value": "0",
          "timestamp": 0
        },
        "Imprecise Longitude": {
          "href": "",
          "value": "0",
          "timestamp": 0
        },
        "Time Uploaded": {
          "href": "",
          "value": "",
          "timestamp": 0
        }
      }
    }
  ]
}