{
  "account_history_logout_history": [
    {
      "title": "2023-01-27T15:26:35+00:00",
      "media_map_data": {
        
      },
      "string_map_data": {
        "Cookie Name": {
          "href": "",
          "value": "*************************bTu",
          "timestamp": 0
        },
        "IP Address": {
          "href": "",
          "value": "129.7.0.143",
          "timestamp": 0
        },
        "Language Code": {
          "href": "",
          "value": "en",
          "timestamp": 0
        },
        "Time": {
          "href": "",
          "value": "",
          "timestamp": 1674833195
        },
        "User Agent": {
          "href": "",
          "value": "Mozilla/5.0 (Macintosh; Intel Mac OS X 10_15_7) AppleWebKit/537.36 (KHTML, like Gecko) Chrome/109.0.0.0 Safari/537.36",
          "timestamp": 0
        }
      }
    },
    {
      "title": "2023-01-27T15:26:03+00:00",
      "media_map_data": {
        
      },
      "string_map_data": {
        "Cookie Name": {
          "href": "",
          "value": "*************************bTu",
          "timestamp": 0
        },
        "IP Address": {
          "href": "",
          "value": "129.7.0.143",
          "timestamp": 0
        },
        "Language Code": {
          "href": "",
          "value": "en",
          "timestamp": 0
        },
        "Time": {
          "href": "",
          "value": "",
          "timestamp": 1674833163
        },
        "User Agent": {
          "href": "",
          "value": "Mozilla/5.0 (Macintosh; Intel Mac OS X 10_15_7) AppleWebKit/537.36 (KHTML, like Gecko) Chrome/109.0.0.0 Safari/537.36",
          "timestamp": 0
        }
      }
    },
    {
      "title": "2023-01-10T02:08:08+00:00",
      "media_map_data": {
        
      },
      "string_map_data": {
        "Cookie Name": {
          "href": "",
          "value": "*************************bTu",
          "timestamp": 0
        },
        "IP Address": {
          "href": "",
          "value": "2601:2c7:67f:53b0:28f5:3810:ddae:4f9f",
          "timestamp": 0
        },
        "Language Code": {
          "href": "",
          "value": "en",
          "timestamp": 0
        },
        "Time": {
          "href": "",
          "value": "",
          "timestamp": 1673316488
        },
        "User Agent": {
          "href": "",
          "value": "Mozilla/5.0 (Macintosh; Intel Mac OS X 10_15_7) AppleWebKit/537.36 (KHTML, like Gecko) Chrome/108.0.0.0 Safari/537.36",
          "timestamp": 0
        }
      }
    },
    {
      "title": "2022-09-15T20:58:11+00:00",
      "media_map_data": {
        
      },
      "string_map_data": {
        "Cookie Name": {
          "href": "",
          "value": "*************************ciP",
          "timestamp": 0
        },
        "IP Address": {
          "href": "",
          "value": "129.7.0.22",
          "timestamp": 0
        },
        "Language Code": {
          "href": "",
          "value": "en",
          "timestamp": 0
        },
        "Time": {
          "href": "",
          "value": "",
          "timestamp": 1663275491
        },
        "User Agent": {
          "href": "",
          "value": "Instagram 251.0.0.7.107 (iPhone12,1; iOS 16_0; en_US; en-US; scale=2.21; 828x1792; 394980221) AppleWebKit/420+",
          "timestamp": 0
        }
      }
    },
    {
      "title": "2022-08-13T20:13:55+00:00",
      "media_map_data": {
        
      },
      "string_map_data": {
        "Cookie Name": {
          "href": "",
          "value": "*************************ciP",
          "timestamp": 0
        },
        "IP Address": {
          "href": "",
          "value": "2601:2c7:680:8350:7467:5b07:f850:1a5a",
          "timestamp": 0
        },
        "Language Code": {
          "href": "",
          "value": "en",
          "timestamp": 0
        },
        "Time": {
          "href": "",
          "value": "",
          "timestamp": 1660421635
        },
        "User Agent": {
          "href": "",
          "value": "Instagram 247.1.0.12.111 (iPhone12,1; iOS 16_0; en_US; en-US; scale=2.21; 828x1792; 388767001) AppleWebKit/420+",
          "timestamp": 0
        }
      }
    },
    {
      "title": "2022-08-13T20:13:21+00:00",
      "media_map_data": {
        
      },
      "string_map_data": {
        "Cookie Name": {
          "href": "",
          "value": "*************************ciP",
          "timestamp": 0
        },
        "IP Address": {
          "href": "",
          "value": "2601:2c7:680:8350:7467:5b07:f850:1a5a",
          "timestamp": 0
        },
        "Language Code": {
          "href": "",
          "value": "en",
          "timestamp": 0
        },
        "Time": {
          "href": "",
          "value": "",
          "timestamp": 1660421601
        },
        "User Agent": {
          "href": "",
          "value": "Instagram 247.1.0.12.111 (iPhone12,1; iOS 16_0; en_US; en-US; scale=2.21; 828x1792; 388767001) AppleWebKit/420+",
          "timestamp": 0
        }
      }
    },
    {
      "title": "2022-08-13T16:56:54+00:00",
      "media_map_data": {
        
      },
      "string_map_data": {
        "Cookie Name": {
          "href": "",
          "value": "*************************bTu",
          "timestamp": 0
        },
        "IP Address": {
          "href": "",
          "value": "2601:2c7:680:8350:e04c:30d0:bb5a:653c",
          "timestamp": 0
        },
        "Language Code": {
          "href": "",
          "value": "en",
          "timestamp": 0
        },
        "Time": {
          "href": "",
          "value": "",
          "timestamp": 1660409814
        },
        "User Agent": {
          "href": "",
          "value": "Mozilla/5.0 (Macintosh; Intel Mac OS X 10_15_7) AppleWebKit/537.36 (KHTML, like Gecko) Chrome/104.0.0.0 Safari/537.36",
          "timestamp": 0
        }
      }
    },
    {
      "title": "2022-08-13T00:53:49+00:00",
      "media_map_data": {
        
      },
      "string_map_data": {
        "Cookie Name": {
          "href": "",
          "value": "*************************bTu",
          "timestamp": 0
        },
        "IP Address": {
          "href": "",
          "value": "2601:2c7:680:8350:e04c:30d0:bb5a:653c",
          "timestamp": 0
        },
        "Language Code": {
          "href": "",
          "value": "en",
          "timestamp": 0
        },
        "Time": {
          "href": "",
          "value": "",
          "timestamp": 1660352029
        },
        "User Agent": {
          "href": "",
          "value": "Mozilla/5.0 (Macintosh; Intel Mac OS X 10_15_7) AppleWebKit/537.36 (KHTML, like Gecko) Chrome/104.0.0.0 Safari/537.36",
          "timestamp": 0
        }
      }
    },
    {
      "title": "2022-08-11T21:11:07+00:00",
      "media_map_data": {
        
      },
      "string_map_data": {
        "Cookie Name": {
          "href": "",
          "value": "*************************bTu",
          "timestamp": 0
        },
        "IP Address": {
          "href": "",
          "value": "2601:2c7:680:8350:e04c:30d0:bb5a:653c",
          "timestamp": 0
        },
        "Language Code": {
          "href": "",
          "value": "en",
          "timestamp": 0
        },
        "Time": {
          "href": "",
          "value": "",
          "timestamp": 1660252267
        },
        "User Agent": {
          "href": "",
          "value": "Mozilla/5.0 (Macintosh; Intel Mac OS X 10_15_7) AppleWebKit/537.36 (KHTML, like Gecko) Chrome/104.0.0.0 Safari/537.36",
          "timestamp": 0
        }
      }
    },
    {
      "title": "2022-06-08T18:09:01+00:00",
      "media_map_data": {
        
      },
      "string_map_data": {
        "Cookie Name": {
          "href": "",
          "value": "*************************sS3",
          "timestamp": 0
        },
        "IP Address": {
          "href": "",
          "value": "2601:2c7:680:8350:dc2b:ab7c:f914:3eef",
          "timestamp": 0
        },
        "Language Code": {
          "href": "",
          "value": "en",
          "timestamp": 0
        },
        "Time": {
          "href": "",
          "value": "",
          "timestamp": 1654711741
        },
        "User Agent": {
          "href": "",
          "value": "Mozilla/5.0 (Macintosh; Intel Mac OS X 10_15_7) AppleWebKit/537.36 (KHTML, like Gecko) Chrome/102.0.5005.61 Safari/537.36",
          "timestamp": 0
        }
      }
    },
    {
      "title": "2022-06-08T00:56:12+00:00",
      "media_map_data": {
        
      },
      "string_map_data": {
        "Cookie Name": {
          "href": "",
          "value": "*************************sS3",
          "timestamp": 0
        },
        "IP Address": {
          "href": "",
          "value": "2601:2c7:680:8350:6140:b560:1d65:ed5c",
          "timestamp": 0
        },
        "Language Code": {
          "href": "",
          "value": "en",
          "timestamp": 0
        },
        "Time": {
          "href": "",
          "value": "",
          "timestamp": 1654649772
        },
        "User Agent": {
          "href": "",
          "value": "Mozilla/5.0 (Macintosh; Intel Mac OS X 10_15_7) AppleWebKit/537.36 (KHTML, like Gecko) Chrome/102.0.5005.61 Safari/537.36",
          "timestamp": 0
        }
      }
    },
    {
      "title": "2022-06-07T19:55:10+00:00",
      "media_map_data": {
        
      },
      "string_map_data": {
        "Cookie Name": {
          "href": "",
          "value": "*************************252",
          "timestamp": 0
        },
        "IP Address": {
          "href": "",
          "value": "2601:2c7:680:8350:f969:b14c:10f4:3b26",
          "timestamp": 0
        },
        "Language Code": {
          "href": "",
          "value": "en",
          "timestamp": 0
        },
        "Time": {
          "href": "",
          "value": "",
          "timestamp": 1654631710
        },
        "User Agent": {
          "href": "",
          "value": "Mozilla/5.0 (Macintosh; Intel Mac OS X 10_15_7) AppleWebKit/537.36 (KHTML, like Gecko) Chrome/102.0.0.0 Safari/537.36",
          "timestamp": 0
        }
      }
    },
    {
      "title": "2022-05-10T00:39:36+00:00",
      "media_map_data": {
        
      },
      "string_map_data": {
        "Cookie Name": {
          "href": "",
          "value": "*************************txh",
          "timestamp": 0
        },
        "IP Address": {
          "href": "",
          "value": "2601:2c7:680:8350:84d4:d7ed:e1e:bc24",
          "timestamp": 0
        },
        "Language Code": {
          "href": "",
          "value": "en",
          "timestamp": 0
        },
        "Time": {
          "href": "",
          "value": "",
          "timestamp": 1652143176
        },
        "User Agent": {
          "href": "",
          "value": "Instagram 234.0.0.19.114 (iPhone12,1; iOS 15_4_1; en_US; en-US; scale=2.21; 828x1792; 368521586) AppleWebKit/420+",
          "timestamp": 0
        }
      }
    },
    {
      "title": "2022-03-02T15:54:45+00:00",
      "media_map_data": {
        
      },
      "string_map_data": {
        "Cookie Name": {
          "href": "",
          "value": "",
          "timestamp": 0
        },
        "Language Code": {
          "href": "",
          "value": "en",
          "timestamp": 0
        },
        "Time": {
          "href": "",
          "value": "",
          "timestamp": 1646236485
        },
        "User Agent": {
          "href": "",
          "value": "Instagram 224.1.0.15.115 (iPhone12,1; iOS 15_3_1; en_US; en-US; scale=2.21; 828x1792; 353721074) AppleWebKit/420+",
          "timestamp": 0
        }
      }
    }
  ]
}