{
  "account_history_password_change_history": [
    {
      "title": "",
      "media_map_data": {
        
      },
      "string_map_data": {
        "Time": {
          "href": "",
          "value": "",
          "timestamp": 1674832900
        }
      }
    },
    {
      "title": "",
      "media_map_data": {
        
      },
      "string_map_data": {
        "Time": {
          "href": "",
          "value": "",
          "timestamp": 1673932426
        }
      }
    },
    {
      "title": "",
      "media_map_data": {
        
      },
      "string_map_data": {
        "Time": {
          "href": "",
          "value": "",
          "timestamp": 1664513989
        }
      }
    },
    {
      "title": "",
      "media_map_data": {
        
      },
      "string_map_data": {
        "Time": {
          "href": "",
          "value": "",
          "timestamp": 1664349103
        }
      }
    }
  ]
}