{
  "account_history_registration_info": [
    {
      "title": "",
      "media_map_data": {
        
      },
      "string_map_data": {
        "Username": {
          "href": "",
          "value": "",
          "timestamp": 0
        },
        "IP Address": {
          "href": "",
          "value": "2a0d:5600:40:a001::b208",
          "timestamp": 0
        },
        "Time": {
          "href": "",
          "value": "",
          "timestamp": 1646236377
        },
        "Email": {
          "href": "",
          "value": "mctien04@gmail.com",
          "timestamp": 0
        },
        "Phone Number": {
          "href": "",
          "value": "+18329910208",
          "timestamp": 0
        },
        "Device": {
          "href": "",
          "value": "",
          "timestamp": 0
        }
      }
    }
  ]
}